Workbook
Name Waveform_Overhead_for_Bourbon: [1]Constants!$B$1
Name Waveform_Overhead_for_Bourbon: [2]Constants!$B$1
Name x: [1]Constants!$B$1
Name x: [2]Constants!$B$1

Sheet Introduction
B2: EANAB | G2: Icewine | L2: Muscat | Q2: Whisky | V2: Cognac | AA2: Moonshine | AF2: Jaeger | AK2: Stinger | AP2: Malbec | AU2: Cava | AZ2: Barolo | BE2: Rossini | BI2: Sangria | BM2: Pisco | BQ2: Seabreeze
A3: Performance Bucket | B3: P0 | C3: P1 | D3: P2 | E3: P3 | F3: Others | G3: P0 | H3: P1 | I3: P2 | J3: P3 | K3: Others | L3: P0 | M3: P1 | N3: P2 | O3: P3 | P3: Others | Q3: P0 | R3: P1 | S3: P2 | T3: P3 | U3: Others | V3: P0 | W3: P1 | X3: P2 | Y3: P3 | Z3: Others | AA3: P0 | AB3: P1 | AC3: P2 | AD3: P3 | AE3: Others | AF3: P0 | AG3: P1 | AH3: P2 | AI3: P3 | AJ3: Others | AK3: P0 | AL3: P1 | AM3: P2 | AN3: P3 | AO3: Others | AP3: P0 | AQ3: P1 | AR3: P2 | AS3: P3 | AT3: Others | AU3: P0 | AV3: P1 | AW3: P2 | AX3: P3 | AY3: Others | AZ3: P0 | BA3: P1 | BB3: P2 | BC3: P3 | BD3: Others | BE3: P0 | BF3: P1 | BG3: P2 | BH3: P3 | BI3: P0 | BJ3: P1 | BK3: P2 | BL3: P3 | BM3: P0 | BN3: P1 | BO3: P2 | BP3: P3 | BQ3: P0 | BR3: P1 | BS3: P2 | BT3: P3 | BU3: comments
A4: 1. Better than baseline(GREEN) | B4: =COUNTIF('P0_All Devices'!DRL3:DRL36,"1. Better than baseline ") -> 0 | C4: =COUNTIF('P1(Stopwatch)'!ACE3:ACE7,"1. Better than baseline ")+COUNTIF(P1_P2_P3_Automation!CAJ3:CAJ15,"1. Better than baseline") -> 10 | D4: =COUNTIF('P2(Stopwatch)'!AAN3:AAN18,"1. Better than baseline ")+COUNTIF(P1_P2_P3_Automation!CAJ18:CAJ31,"1. Better than baseline") -> 29 | E4: =COUNTIF('P3(Stopwatch)'!ABK3:ABK12,"1. Better than baseline ")+COUNTIF(P1_P2_P3_Automation!CAJ32:CAJ32,"1. Better than baseline") -> 9 | F4: =COUNTIF('One time execution_Milestone'!BT4:BT64,"1. Better than baseline ") -> 24 | G4: =COUNTIF('P0_All Devices'!DRM3:DRM36,"1. Better than baseline ") -> 2 | H4: =COUNTIF('P1(Stopwatch)'!ACF3:ACF7,"1. Better than baseline ")+COUNTIF(P1_P2_P3_Automation!CAK3:CAK11,"1. Better than baseline ") -> 6 | I4: =COUNTIF('P2(Stopwatch)'!AAO3:AAO14,"1. Better than baseline ")+COUNTIF(P1_P2_P3_Automation!CAK18:CAK31,"1. Better than baseline ") -> 14 | J4: =COUNTIF('P3(Stopwatch)'!ABL3:ABL3,"1. Better than baseline ")+COUNTIF(P1_P2_P3_Automation!CAK32:CAK32,"1. Better than baseline ") -> 1 | K4: =COUNTIF('One time execution_Milestone'!BU4:BU64,"1. Better than baseline ") -> 49 | L4: =COUNTIF('P0_All Devices'!DRN3:DRN36,"1. Better than baseline ") -> 0 | M4: =COUNTIF('P1(Stopwatch)'!ACG3:ACG7,"1. Better than baseline ")+COUNTIF(P1_P2_P3_Automation!CAL3:CAL15,"1. Better than baseline ") -> 7 | N4: =COUNTIF('P2(Stopwatch)'!AAP3:AAP18,"1. Better than baseline ")+COUNTIF(P1_P2_P3_Automation!CAL18:CAL31,"1. Better than baseline ") -> 15 | O4: =COUNTIF('P3(Stopwatch)'!ABM3:ABM12,"1. Better than baseline ")+COUNTIF(P1_P2_P3_Automation!CAL32:CAL32,"1. Better than baseline ") -> 1 | P4: =COUNTIF('One time execution_Milestone'!BV4:BV64,"1. Better than baseline ") -> 49 | Q4: =COUNTIF('P0_All Devices'!DRO3:DRO36,"1. Better than baseline ") -> 0 | R4: =COUNTIF('P1(Stopwatch)'!ACH3:ACH7,"1. Better than baseline ")+COUNTIF(P1_P2_P3_Automation!CAM3:CAM15,"1. Better than baseline ") -> 8 | S4: =COUNTIF('P2(Stopwatch)'!AAQ3:AAQ18,"1. Better than baseline ")+COUNTIF(P1_P2_P3_Automation!CAM18:CAM31,"1. Better than baseline ") -> 13 | T4: =COUNTIF('P3(Stopwatch)'!ABN3:ABN12,"1. Better than baseline ")+COUNTIF(P1_P2_P3_Automation!CAM32:CAM32,"1. Better than baseline ") -> 0 | U4: =COUNTIF('One time execution_Milestone'!BW4:BW64,"1. Better than baseline ") -> 55 | V4: =COUNTIF('P0_All Devices'!DRP3:DRP36,"1. Better than baseline ") -> 34 | W4: =COUNTIF('P1(Stopwatch)'!ACI3:ACI7,"1. Better than baseline ")+COUNTIF(P1_P2_P3_Automation!CAN3:CAN15,"1. Better than baseline ") -> 15 | X4: =COUNTIF('P2(Stopwatch)'!AAR3:AAR18,"1. Better than baseline ")+COUNTIF(P1_P2_P3_Automation!CAN18:CAN31,"1. Better than baseline ") -> 29 | Y4: =COUNTIF('P3(Stopwatch)'!ABO3:ABO12,"1. Better than baseline ")+COUNTIF(P1_P2_P3_Automation!CAN32:CAN32,"1. Better than baseline ") -> 11 | Z4: =COUNTIF('One time execution_Milestone'!BX4:BX64,"1. Better than baseline ") -> 61 | AA4: =COUNTIF('P0_All Devices'!DRQ3:DRQ36,"1. Better than baseline ") -> 3 | AB4: =COUNTIF('P1(Stopwatch)'!ACJ3:ACJ7,"1. Better than baseline ")+COUNTIF(P1_P2_P3_Automation!CAO3:CAO15,"1. Better than baseline ") -> 2 | AC4: =COUNTIF('P2(Stopwatch)'!AAS3:AAS18,"1. Better than baseline ")+COUNTIF(P1_P2_P3_Automation!CAO18:CAO31,"1. Better than baseline ") -> 13 | AD4: =COUNTIF('P3(Stopwatch)'!ABP3:ABP12,"1. Better than baseline ")+COUNTIF(P1_P2_P3_Automation!CAO32:CAO32,"1. Better than baseline ") -> 10 | AE4: =COUNTIF('One time execution_Milestone'!BY4:BY64,"1. Better than baseline ") -> 55 | AF4: =COUNTIF('P0_All Devices'!DRR3:DRR36,"1. Better than baseline ") -> 3 | AG4: =COUNTIF('P1(Stopwatch)'!ACK3:ACK7,"1. Better than baseline ")+COUNTIF(P1_P2_P3_Automation!CAP3:CAP15,"1. Better than baseline ") -> 2 | AH4: =COUNTIF('P2(Stopwatch)'!AAT3:AAT18,"1. Better than baseline ")+COUNTIF(P1_P2_P3_Automation!CAP18:CAP31,"1. Better than baseline ") -> 20 | AI4: =COUNTIF('P3(Stopwatch)'!ABQ3:ABQ12,"1. Better than baseline ")+COUNTIF(P1_P2_P3_Automation!CAP32:CAP32,"1. Better than baseline ") -> 10 | AJ4: =COUNTIF('One time execution_Milestone'!BZ4:BZ64,"1. Better than baseline ") -> 25 | AK4: =COUNTIF('P0_All Devices'!DRS3:DRS36,"1. Better than baseline ") -> 1 | AL4: =COUNTIF('P1(Stopwatch)'!ACL3:ACL7,"1. Better than baseline ")+COUNTIF(P1_P2_P3_Automation!CAQ3:CAQ15,"1. Better than baseline ") -> 7 | AM4: =COUNTIF('P2(Stopwatch)'!AAU3:AAU18,"1. Better than baseline ")+COUNTIF(P1_P2_P3_Automation!CAQ18:CAQ31,"1. Better than baseline ") -> 3 | AN4: =COUNTIF('P3(Stopwatch)'!ABR3:ABR12,"1. Better than baseline ")+COUNTIF(P1_P2_P3_Automation!CAQ32:CAQ32,"1. Better than baseline ") -> 11 | AO4: =COUNTIF('One time execution_Milestone'!CA4:CA64,"1. Better than baseline ") -> 61 | AP4: =COUNTIF('P0_All Devices'!DRT3:DRT36,"1. Better than baseline ") -> 32 | AQ4: =COUNTIF('P1(Stopwatch)'!ACN3:ACN7,"1. Better than baseline ")+COUNTIF(P1_P2_P3_Automation!CAR3:CAR15,"1. Better than baseline ") -> 2 | AR4: =COUNTIF('P2(Stopwatch)'!AAV3:AAV18,"1. Better than baseline ")+COUNTIF(P1_P2_P3_Automation!CAR18:CAR31,"1. Better than baseline ") -> 3 | AS4: =COUNTIF('P3(Stopwatch)'!ABS3:ABS12,"1. Better than baseline ")+COUNTIF(P1_P2_P3_Automation!CAR32:CAR32,"1. Better than baseline ") -> 0 | AT4: =COUNTIF('One time execution_Milestone'!CF4:CF64,"1. Better than baseline ") -> 0 | AU4: =COUNTIF('P0_All Devices'!DRU3:DRU36,"1. Better than baseline ") -> 33 | AV4: =COUNTIF('P1(Stopwatch)'!ACO3:ACO8,"1. Better than baseline ")+COUNTIF(P1_P2_P3_Automation!CAW3:CAW15,"1. Better than baseline ") -> 13 | AW4: =COUNTIF('P2(Stopwatch)'!AAW3:AAW18,"1. Better than baseline ")+COUNTIF(P1_P2_P3_Automation!CAS18:CAS31,"1. Better than baseline ") -> 3 | AX4: =COUNTIF('P3(Stopwatch)'!ABT3:ABT12,"1. Better than baseline ")+COUNTIF(P1_P2_P3_Automation!CAS32:CAS32,"1. Better than baseline ") -> 0 | AY4: =COUNTIF('One time execution_Milestone'!CK4:CK64,"1. Better than baseline ") -> 0 | AZ4: =COUNTIF('P0_All Devices'!DRV3:DRV36,"1. Better than baseline ") -> 32 | BA4: =COUNTIF('P1(Stopwatch)'!ACP3:ACP7,"1. Better than baseline ")+COUNTIF(P1_P2_P3_Automation!CAT3:CAT17,"1. Better than baseline ") -> 17 | BB4: =COUNTIF('P2(Stopwatch)'!AAX3:AAX18,"1. Better than baseline ")+COUNTIF(P1_P2_P3_Automation!CAT18:CAT31,"1. Better than baseline ") -> 14 | BC4: =COUNTIF('P3(Stopwatch)'!ABU3:ABU12,"1. Better than baseline ")+COUNTIF(P1_P2_P3_Automation!CAT32:CAT32,"1. Better than baseline ") -> 11 | BD4: =COUNTIF('One time execution_Milestone'!CP4:CP64,"1. Better than baseline ") -> 0 | BE4: =COUNTIF([3]P0!CVW3:CVW36,"1. Better than baseline ") -> #VALUE! | BF4: =COUNTIF('[3]P1(Stopwatch)'!UH3:UH41,"1. Better than baseline ")+COUNTIF([3]P1_P2_P3_Automation!CAO3:CAR17,"1. Better than baseline ") -> #VALUE! | BG4: =COUNTIF('[3]P2(Stopwatch)'!SX3:SX30,"1. Better than baseline ")+COUNTIF([3]P1_P2_P3_Automation!CAO18:CAO31,"1. Better than baseline ") -> #VALUE! | BH4: =COUNTIF('[3]P3(Stopwatch)'!VO3:VO23,"1. Better than baseline ")+COUNTIF([3]P1_P2_P3_Automation!CAO32:CAO32,"1. Better than baseline ") -> #VALUE! | BI4: =COUNTIF([3]P0!CVX3:CVX36,"1. Better than baseline ") -> #VALUE! | BJ4: =COUNTIF('[3]P1(Stopwatch)'!UL3:UL41,"1. Better than baseline ")+COUNTIF([3]P1_P2_P3_Automation!CAS3:CAV17,"1. Better than baseline ") -> #VALUE! | BK4: =COUNTIF('[3]P2(Stopwatch)'!TB3:TB30,"1. Better than baseline ")+COUNTIF([3]P1_P2_P3_Automation!CAS18:CAS31,"1. Better than baseline ") -> #VALUE! | BL4: =COUNTIF('[3]P3(Stopwatch)'!VS3:VS23,"1. Better than baseline ")+COUNTIF([3]P1_P2_P3_Automation!CAS32:CAS32,"1. Better than baseline ") -> #VALUE! | BM4: =COUNTIF([3]P0!CVY3:CVY36,"1. Better than baseline ")+COUNTIF('[3]P0 Pisco & Barolo'!CP5:CP24,"1. Better than baseline ")+COUNTIF('[3]Canvas and Structured '!BV4:BV11,"1. Better than baseline ") -> #VALUE! | BN4: =COUNTIF('[3]P1(Stopwatch)'!UP3:UP41,"1. Better than baseline ")+COUNTIF([3]P1_P2_P3_Automation!CAW3:CAZ17,"1. Better than baseline ") -> #VALUE! | BO4: =COUNTIF('[3]P2(Stopwatch)'!TF3:TF30,"1. Better than baseline ")+COUNTIF([3]P1_P2_P3_Automation!CAW18:CAW31,"1. Better than baseline ") -> #VALUE! | BP4: =COUNTIF('[3]P3(Stopwatch)'!VW3:VW23,"1. Better than baseline ")+COUNTIF([3]P1_P2_P3_Automation!CAW32:CAW32,"1. Better than baseline ") -> #VALUE! | BQ4: =COUNTIF([3]P0_Seabreeze!BU3:BU65,"1. Better than baseline ") -> #VALUE! | BR4: =COUNTIF('[3]P1(Stopwatch)'!UT3:UT41,"1. Better than baseline ")+COUNTIF([3]P1_P2_P3_Automation!CBA3:CBD17,"1. Better than baseline ") -> #VALUE! | BS4: =COUNTIF('[3]P2(Stopwatch)'!TJ3:TJ30,"1. Better than baseline ")+COUNTIF([3]P1_P2_P3_Automation!CBA18:CBA31,"1. Better than baseline ") -> #VALUE! | BT4: =COUNTIF('[3]P3(Stopwatch)'!WA3:WA23,"1. Better than baseline ")+COUNTIF([3]P1_P2_P3_Automation!CBA32:CBA32,"1. Better than baseline ") -> #VALUE!
A5: 2. Within 10% deviation from baseline(YELLOW) | B5: =COUNTIF('P0_All Devices'!DRL3:DRL36,"2. Within 10% deviation from baseline") -> 16 | C5: =COUNTIF('P1(Stopwatch)'!ACE3:ACE7,"2. Within 10% deviation from baseline")+COUNTIF(P1_P2_P3_Automation!CAJ3:CAJ15,"2. Within 10% deviation from baseline") -> 5 | D5: =COUNTIF('P2(Stopwatch)'!AAN3:AAN18,"2. Within 10% deviation from baseline")+COUNTIF(P1_P2_P3_Automation!CAJ18:CAJ31,"2. Within 10% deviation from baseline") -> 0 | E5: =COUNTIF('P3(Stopwatch)'!ABK3:ABK12,"2. Within 10% deviation from baseline")+COUNTIF(P1_P2_P3_Automation!CAJ32:CAJ32,"2. Within 10% deviation from baseline") -> 1 | F5: =COUNTIF('One time execution_Milestone'!BT4:BT64,"2. Within 10% deviation from baseline") -> 31 | G5: =COUNTIF('P0_All Devices'!DRM3:DRM36,"2. Within 10% deviation from baseline") -> 27 | H5: =COUNTIF('P1(Stopwatch)'!ACF3:ACF7,"2. Within 10% deviation from baseline")+COUNTIF(P1_P2_P3_Automation!CAK3:CAK11,"2. Within 10% deviation from baseline") -> 8 | I5: =COUNTIF('P2(Stopwatch)'!AAO3:AAO14,"2. Within 10% deviation from baseline")+COUNTIF(P1_P2_P3_Automation!CAK18:CAK31,"2. Within 10% deviation from baseline") -> 3 | J5: =COUNTIF('P3(Stopwatch)'!ABL3:ABL3,"2. Within 10% deviation from baseline")+COUNTIF(P1_P2_P3_Automation!CAK32:CAK32,"2. Within 10% deviation from baseline") -> 1 | K5: =COUNTIF('One time execution_Milestone'!BU4:BU64,"2. Within 10% deviation from baseline") -> 0 | L5: =COUNTIF('P0_All Devices'!DRN3:DRN36,"2. Within 10% deviation from baseline") -> 17 | M5: =COUNTIF('P1(Stopwatch)'!ACG3:ACG7,"2. Within 10% deviation from baseline")+COUNTIF(P1_P2_P3_Automation!CAL3:CAL15,"2. Within 10% deviation from baseline") -> 6 | N5: =COUNTIF('P2(Stopwatch)'!AAP3:AAP18,"2. Within 10% deviation from baseline")+COUNTIF(P1_P2_P3_Automation!CAL18:CAL31,"2. Within 10% deviation from baseline") -> 5 | O5: =COUNTIF('P3(Stopwatch)'!ABM3:ABM12,"2. Within 10% deviation from baseline")+COUNTIF(P1_P2_P3_Automation!CAL32:CAL32,"2. Within 10% deviation from baseline") -> 5 | P5: =COUNTIF('One time execution_Milestone'!BV4:BV64,"2. Within 10% deviation from baseline") -> 0 | Q5: =COUNTIF('P0_All Devices'!DRO3:DRO36,"2. Within 10% deviation from baseline") -> 17 | R5: =COUNTIF('P1(Stopwatch)'!ACH3:ACH7,"2. Within 10% deviation from baseline")+COUNTIF(P1_P2_P3_Automation!CAM3:CAM15,"2. Within 10% deviation from baseline") -> 5 | S5: =COUNTIF('P2(Stopwatch)'!AAQ3:AAQ18,"2. Within 10% deviation from baseline")+COUNTIF(P1_P2_P3_Automation!CAM18:CAM31,"2. Within 10% deviation from baseline") -> 15 | T5: =COUNTIF('P3(Stopwatch)'!ABN3:ABN12,"2. Within 10% deviation from baseline")+COUNTIF(P1_P2_P3_Automation!CAM32:CAM32,"2. Within 10% deviation from baseline") -> 10 | U5: =COUNTIF('One time execution_Milestone'!BW4:BW64,"2. Within 10% deviation from baseline") -> 0 | V5: =COUNTIF('P0_All Devices'!DRP3:DRP36,"2. Within 10% deviation from baseline") -> 0 | W5: =COUNTIF('P1(Stopwatch)'!ACI3:ACI7,"2. Within 10% deviation from baseline")+COUNTIF(P1_P2_P3_Automation!CAN3:CAN15,"2. Within 10% deviation from baseline") -> 0 | X5: =COUNTIF('P2(Stopwatch)'!AAR3:AAR18,"2. Within 10% deviation from baseline")+COUNTIF(P1_P2_P3_Automation!CAN18:CAN31,"2. Within 10% deviation from baseline") -> 0 | Y5: =COUNTIF('P3(Stopwatch)'!ABO3:ABO12,"2. Within 10% deviation from baseline")+COUNTIF(P1_P2_P3_Automation!CAN32:CAN32,"2. Within 10% deviation from baseline") -> 0 | Z5: =COUNTIF('One time execution_Milestone'!BX4:BX64,"2. Within 10% deviation from baseline") -> 0 | AA5: =COUNTIF('P0_All Devices'!DRQ3:DRQ36,"2. Within 10% deviation from baseline") -> 18 | AB5: =COUNTIF('P1(Stopwatch)'!ACJ3:ACJ7,"2. Within 10% deviation from baseline")+COUNTIF(P1_P2_P3_Automation!CAO3:CAO15,"2. Within 10% deviation from baseline") -> 8 | AC5: =COUNTIF('P2(Stopwatch)'!AAS3:AAS18,"2. Within 10% deviation from baseline")+COUNTIF(P1_P2_P3_Automation!CAO18:CAO31,"2. Within 10% deviation from baseline") -> 2 | AD5: =COUNTIF('P3(Stopwatch)'!ABP3:ABP12,"2. Within 10% deviation from baseline")+COUNTIF(P1_P2_P3_Automation!CAO32:CAO32,"2. Within 10% deviation from baseline") -> 0 | AE5: =COUNTIF('One time execution_Milestone'!BY4:BY64,"2. Within 10% deviation from baseline") -> 0 | AF5: =COUNTIF('P0_All Devices'!DRR3:DRR36,"2. Within 10% deviation from baseline") -> 17 | AG5: =COUNTIF('P1(Stopwatch)'!ACK3:ACK7,"2. Within 10% deviation from baseline")+COUNTIF(P1_P2_P3_Automation!CAP3:CAP15,"2. Within 10% deviation from baseline") -> 7 | AH5: =COUNTIF('P2(Stopwatch)'!AAT3:AAT18,"2. Within 10% deviation from baseline")+COUNTIF(P1_P2_P3_Automation!CAP18:CAP31,"2. Within 10% deviation from baseline") -> 4 | AI5: =COUNTIF('P3(Stopwatch)'!ABQ3:ABQ12,"2. Within 10% deviation from baseline")+COUNTIF(P1_P2_P3_Automation!CAP32:CAP32,"2. Within 10% deviation from baseline") -> 0 | AJ5: =COUNTIF('One time execution_Milestone'!BZ4:BZ64,"2. Within 10% deviation from baseline") -> 30 | AK5: =COUNTIF('P0_All Devices'!DRS3:DRS36,"2. Within 10% deviation from baseline") -> 14 | AL5: =COUNTIF('P1(Stopwatch)'!ACL3:ACL7,"2. Within 10% deviation from baseline")+COUNTIF(P1_P2_P3_Automation!CAQ3:CAQ15,"2. Within 10% deviation from baseline") -> 4 | AM5: =COUNTIF('P2(Stopwatch)'!AAU3:AAU18,"2. Within 10% deviation from baseline")+COUNTIF(P1_P2_P3_Automation!CAQ18:CAQ31,"2. Within 10% deviation from baseline") -> 17 | AN5: =COUNTIF('P3(Stopwatch)'!ABR3:ABR12,"2. Within 10% deviation from baseline")+COUNTIF(P1_P2_P3_Automation!CAQ32:CAQ32,"2. Within 10% deviation from baseline") -> 0 | AO5: =COUNTIF('One time execution_Milestone'!CA4:CA64,"2. Within 10% deviation from baseline") -> 0 | AP5: =COUNTIF('P0_All Devices'!DRT3:DRT36,"2. Within 10% deviation from baseline") -> 2 | AQ5: =COUNTIF('P1(Stopwatch)'!ACN3:ACN7,"2. Within 10% deviation from baseline")+COUNTIF(P1_P2_P3_Automation!CAR3:CAR15,"2. Within 10% deviation from baseline") -> 4 | AR5: =COUNTIF('P2(Stopwatch)'!AAV3:AAV18,"2. Within 10% deviation from baseline")+COUNTIF(P1_P2_P3_Automation!CAR18:CAR31,"2. Within 10% deviation from baseline") -> 13 | AS5: =COUNTIF('P3(Stopwatch)'!ABS3:ABS12,"2. Within 10% deviation from baseline")+COUNTIF(P1_P2_P3_Automation!CAR32:CAR32,"2. Within 10% deviation from baseline") -> 7 | AT5: =COUNTIF('One time execution_Milestone'!CF4:CF64,"2. Within 10% deviation from baseline") -> 0 | AU5: =COUNTIF('P0_All Devices'!DRU3:DRU36,"2. Within 10% deviation from baseline") -> 1 | AV5: =COUNTIF('P1(Stopwatch)'!ACO3:ACO8,"2. Within 10% deviation from baseline")+COUNTIF(P1_P2_P3_Automation!CAW3:CAW15,"2. Within 10% deviation from baseline") -> 3 | AW5: =COUNTIF('P2(Stopwatch)'!AAW3:AAW18,"2. Within 10% deviation from baseline")+COUNTIF(P1_P2_P3_Automation!CAS18:CAS31,"2. Within 10% deviation from baseline") -> 12 | AX5: =COUNTIF('P3(Stopwatch)'!ABT3:ABT12,"2. Within 10% deviation from baseline")+COUNTIF(P1_P2_P3_Automation!CAS32:CAS32,"2. Within 10% deviation from baseline") -> 8 | AY5: =COUNTIF('One time execution_Milestone'!CK4:CK64,"2. Within 10% deviation from baseline") -> 0 | AZ5: =COUNTIF('P0_All Devices'!DRV3:DRV36,"2. Within 10% deviation from baseline") -> 2 | BA5: =COUNTIF('P1(Stopwatch)'!ACP3:ACP7,"2. Within 10% deviation from baseline")+COUNTIF(P1_P2_P3_Automation!CAT3:CAT17,"2. Within 10% deviation from baseline") -> 1 | BB5: =COUNTIF('P2(Stopwatch)'!AAX3:AAX18,"2. Within 10% deviation from baseline")+COUNTIF(P1_P2_P3_Automation!CAT18:CAT31,"2. Within 10% deviation from baseline") -> 8 | BC5: =COUNTIF('P3(Stopwatch)'!ABU3:ABU12,"2. Within 10% deviation from baseline")+COUNTIF(P1_P2_P3_Automation!CAT32:CAT32,"2. Within 10% deviation from baseline") -> 0 | BD5: =COUNTIF('One time execution_Milestone'!CP4:CP64,"2. Within 10% deviation from baseline") -> 0 | BE5: =COUNTIF([3]P0!CVW3:CVW36,"2. Within 10% deviation from baseline") -> #VALUE! | BF5: =COUNTIF('[3]P1(Stopwatch)'!UH3:UH41,"2. Within 10% deviation from baseline")+COUNTIF([3]P1_P2_P3_Automation!CAO3:CAO17,"2. Within 10% deviation from baseline") -> #VALUE! | BG5: =COUNTIF('[3]P2(Stopwatch)'!SX3:SX30,"2. Within 10% deviation from baseline")+COUNTIF([3]P1_P2_P3_Automation!CAO18:CAO31,"2. Within 10% deviation from baseline") -> #VALUE! | BH5: =COUNTIF('[3]P3(Stopwatch)'!VO3:VO23,"2. Within 10% deviation from baseline")+COUNTIF([3]P1_P2_P3_Automation!CAO32:CAO32,"2. Within 10% deviation from baseline") -> #VALUE! | BI5: =COUNTIF([3]P0!CVX3:CVX36,"2. Within 10% deviation from baseline") -> #VALUE! | BJ5: =COUNTIF('[3]P1(Stopwatch)'!UL3:UL41,"2. Within 10% deviation from baseline")+COUNTIF([3]P1_P2_P3_Automation!CAS3:CAS17,"2. Within 10% deviation from baseline") -> #VALUE! | BK5: =COUNTIF('[3]P2(Stopwatch)'!TB3:TB30,"2. Within 10% deviation from baseline")+COUNTIF([3]P1_P2_P3_Automation!CAS18:CAS31,"2. Within 10% deviation from baseline") -> #VALUE! | BL5: =COUNTIF('[3]P3(Stopwatch)'!VS3:VS23,"2. Within 10% deviation from baseline")+COUNTIF([3]P1_P2_P3_Automation!CAS32:CAS32,"2. Within 10% deviation from baseline") -> #VALUE! | BM5: =COUNTIF([3]P0!CVY3:CVY36,"2. Within 10% deviation from baseline")+COUNTIF('[3]P0 Pisco & Barolo'!CP5:CP24,"2. Within 10% deviation from baseline")+COUNTIF('[3]Canvas and Structured '!BV4:BV11,"2. Within 10% deviation from baseline") -> #VALUE! | BN5: =COUNTIF('[3]P1(Stopwatch)'!UP3:UP41,"2. Within 10% deviation from baseline")+COUNTIF([3]P1_P2_P3_Automation!CAW3:CAW17,"2. Within 10% deviation from baseline") -> #VALUE! | BO5: =COUNTIF('[3]P2(Stopwatch)'!TF3:TF30,"2. Within 10% deviation from baseline")+COUNTIF([3]P1_P2_P3_Automation!CAW18:CAW31,"2. Within 10% deviation from baseline") -> #VALUE! | BP5: =COUNTIF('[3]P3(Stopwatch)'!VW3:VW23,"2. Within 10% deviation from baseline")+COUNTIF([3]P1_P2_P3_Automation!CAW32:CAW32,"2. Within 10% deviation from baseline") -> #VALUE! | BQ5: =COUNTIF([3]P0_Seabreeze!BU3:BU65,"2. Within 10% deviation from baseline") -> #VALUE! | BR5: =COUNTIF('[3]P1(Stopwatch)'!UT3:UT41,"2. Within 10% deviation from baseline")+COUNTIF([3]P1_P2_P3_Automation!CBA3:CBA17,"2. Within 10% deviation from baseline") -> #VALUE! | BS5: =COUNTIF('[3]P2(Stopwatch)'!TJ3:TJ30,"2. Within 10% deviation from baseline")+COUNTIF([3]P1_P2_P3_Automation!CBA18:CBA31,"2. Within 10% deviation from baseline") -> #VALUE! | BT5: =COUNTIF('[3]P3(Stopwatch)'!WA3:WA23,"2. Within 10% deviation from baseline")+COUNTIF([3]P1_P2_P3_Automation!CBA32:CBA32,"2. Within 10% deviation from baseline") -> #VALUE!
A6: 3. >10% from baseline(RED) | B6: =COUNTIF('P0_All Devices'!DRL3:DRL36,"3. Missing baseline") -> 18 | C6: =COUNTIF('P1(Stopwatch)'!ACE3:ACE7,"3. Missing baseline")+COUNTIF(P1_P2_P3_Automation!CAJ3:CAJ117,"3. Missing baseline") -> 0 | D6: =COUNTIF('P2(Stopwatch)'!AAN3:AAN18,"3. Missing baseline")+COUNTIF(P1_P2_P3_Automation!CAJ18:CAJ31,"3. Missing baseline") -> 0 | E6: =COUNTIF('P3(Stopwatch)'!ABK3:ABK12,"3. Missing baseline")+COUNTIF(P1_P2_P3_Automation!CAJ32:CAJ32,"3. Missing baseline") -> 0 | F6: =COUNTIF('One time execution_Milestone'!BT4:BT64,"3. Missing baseline") -> 0 | G6: =COUNTIF('P0_All Devices'!DRM3:DRM36,"3. Missing baseline") -> 5 | H6: =COUNTIF('P1(Stopwatch)'!ACF3:ACF7,"3. Missing baseline")+COUNTIF(P1_P2_P3_Automation!CAK3:CAK11,"3. Missing baseline") -> 0 | I6: =COUNTIF('P2(Stopwatch)'!AAO3:AAO14,"3. Missing baseline")+COUNTIF(P1_P2_P3_Automation!CAK18:CAK31,"3. Missing baseline") -> 0 | J6: =COUNTIF('P3(Stopwatch)'!ABL3:ABL3,"3. Missing baseline")+COUNTIF(P1_P2_P3_Automation!CAK32:CAK32,"3. Missing baseline") -> 0 | K6: =COUNTIF('One time execution_Milestone'!BU4:BU64,"3. Missing baseline") -> 0 | L6: =COUNTIF('P0_All Devices'!DRN3:DRN36,"3. Missing baseline") -> 17 | M6: =COUNTIF('P1(Stopwatch)'!ACG3:ACG7,"3. Missing baseline")+COUNTIF(P1_P2_P3_Automation!CAL3:CAL15,"3. Missing baseline") -> 2 | N6: =COUNTIF('P2(Stopwatch)'!AAP3:AAP18,"3. Missing baseline")+COUNTIF(P1_P2_P3_Automation!CAL18:CAL31,"3. Missing baseline") -> 2 | O6: =COUNTIF('P3(Stopwatch)'!ABM3:ABM12,"3. Missing baseline")+COUNTIF(P1_P2_P3_Automation!CAL32:CAL32,"3. Missing baseline") -> 0 | P6: =COUNTIF('One time execution_Milestone'!BV4:BV64,"3. Missing baseline") -> 0 | Q6: =COUNTIF('P0_All Devices'!DRO3:DRO36,"3. Missing baseline") -> 17 | R6: =COUNTIF('P1(Stopwatch)'!ACH3:ACH7,"3. Missing baseline")+COUNTIF(P1_P2_P3_Automation!CAM3:CAM15,"3. Missing baseline") -> 2 | S6: =COUNTIF('P2(Stopwatch)'!AAQ3:AAQ18,"3. Missing baseline")+COUNTIF(P1_P2_P3_Automation!CAM18:CAM31,"3. Missing baseline") -> 1 | T6: =COUNTIF('P3(Stopwatch)'!ABN3:ABN12,"3. Missing baseline")+COUNTIF(P1_P2_P3_Automation!CAM32:CAM32,"3. Missing baseline") -> 0 | U6: =COUNTIF('One time execution_Milestone'!BW4:BW64,"3. Missing baseline") -> 0 | V6: =COUNTIF('P0_All Devices'!DRP3:DRP36,"3. Missing baseline") -> 0 | W6: =COUNTIF('P1(Stopwatch)'!ACI3:ACI7,"3. Missing baseline")+COUNTIF(P1_P2_P3_Automation!CAN3:CAN15,"3. Missing baseline") -> 0 | X6: =COUNTIF('P2(Stopwatch)'!AAR3:AAR18,"3. Missing baseline")+COUNTIF(P1_P2_P3_Automation!CAN18:CAN31,"3. Missing baseline") -> 0 | Y6: =COUNTIF('P3(Stopwatch)'!ABO3:ABO12,"3. Missing baseline")+COUNTIF(P1_P2_P3_Automation!CAN32:CAN32,"3. Missing baseline") -> 0 | Z6: =COUNTIF('One time execution_Milestone'!BX4:BX64,"3. Missing baseline") -> 0 | AA6: =COUNTIF('P0_All Devices'!DRQ3:DRQ36,"3. Missing baseline") -> 13 | AB6: =COUNTIF('P1(Stopwatch)'!ACJ3:ACJ7,"3. Missing baseline")+COUNTIF(P1_P2_P3_Automation!CAO3:CAO15,"3. Missing baseline") -> 5 | AC6: =COUNTIF('P2(Stopwatch)'!AAS3:AAS18,"3. Missing baseline")+COUNTIF(P1_P2_P3_Automation!CAO18:CAO31,"3. Missing baseline") -> 11 | AD6: =COUNTIF('P3(Stopwatch)'!ABP3:ABP12,"3. Missing baseline")+COUNTIF(P1_P2_P3_Automation!CAO32:CAO32,"3. Missing baseline") -> 0 | AE6: =COUNTIF('One time execution_Milestone'!BY4:BY64,"3. Missing baseline") -> 0 | AF6: =COUNTIF('P0_All Devices'!DRR3:DRR36,"3. Missing baseline") -> 14 | AG6: =COUNTIF('P1(Stopwatch)'!ACK3:ACK7,"3. Missing baseline")+COUNTIF(P1_P2_P3_Automation!CAP3:CAP117,"3. Missing baseline") -> 14 | AH6: =COUNTIF('P2(Stopwatch)'!AAT3:AAT18,"3. Missing baseline")+COUNTIF(P1_P2_P3_Automation!CAP18:CAP31,"3. Missing baseline") -> 6 | AI6: =COUNTIF('P3(Stopwatch)'!ABQ3:ABQ12,"3. Missing baseline")+COUNTIF(P1_P2_P3_Automation!CAP32:CAP32,"3. Missing baseline") -> 0 | AJ6: =COUNTIF('One time execution_Milestone'!BZ4:BZ64,"3. Missing baseline") -> 0 | AK6: =COUNTIF('P0_All Devices'!DRS3:DRS36,"3. Missing baseline") -> 19 | AL6: =COUNTIF('P1(Stopwatch)'!ACL3:ACL7,"3. Missing baseline")+COUNTIF(P1_P2_P3_Automation!CAQ3:CAQ15,"3. Missing baseline") -> 7 | AM6: =COUNTIF('P2(Stopwatch)'!AAU3:AAU18,"3. Missing baseline")+COUNTIF(P1_P2_P3_Automation!CAQ18:CAQ31,"3. Missing baseline") -> 7 | AN6: =COUNTIF('P3(Stopwatch)'!ABR3:ABR12,"3. Missing baseline")+COUNTIF(P1_P2_P3_Automation!CAQ32:CAQ32,"3. Missing baseline") -> 0 | AO6: =COUNTIF('One time execution_Milestone'!CA4:CA64,"3. Missing baseline") -> 0 | AP6: =COUNTIF('P0_All Devices'!DRT3:DRT36,"3. Missing baseline") -> 0 | AQ6: =COUNTIF('P1(Stopwatch)'!ACN3:ACN7,"3. Missing baseline")+COUNTIF(P1_P2_P3_Automation!CAR3:CAR15,"3. Missing baseline") -> 9 | AR6: =COUNTIF('P2(Stopwatch)'!AAV3:AAV18,"3. Missing baseline")+COUNTIF(P1_P2_P3_Automation!CAR18:CAR31,"3. Missing baseline") -> 10 | AS6: =COUNTIF('P3(Stopwatch)'!ABS3:ABS12,"3. Missing baseline")+COUNTIF(P1_P2_P3_Automation!CAR32:CAR32,"3. Missing baseline") -> 3 | AT6: =COUNTIF('One time execution_Milestone'!CF4:CF64,"3. Missing baseline") -> 0 | AU6: =COUNTIF('P0_All Devices'!DRU3:DRU36,"3. Missing baseline") -> 0 | AV6: =COUNTIF('P1(Stopwatch)'!ACO3:ACO8,"3. Missing baseline")+COUNTIF(P1_P2_P3_Automation!CAW3:CAW15,"3. Missing baseline") -> 2 | AW6: =COUNTIF('P2(Stopwatch)'!AAW3:AAW18,"3. Missing baseline")+COUNTIF(P1_P2_P3_Automation!CAS18:CAS31,"3. Missing baseline") -> 11 | AX6: =COUNTIF('P3(Stopwatch)'!ABT3:ABT12,"3. Missing baseline")+COUNTIF(P1_P2_P3_Automation!CAS32:CAS32,"3. Missing baseline") -> 2 | AY6: =COUNTIF('One time execution_Milestone'!CK4:CK64,"3. Missing baseline") -> 0 | AZ6: =COUNTIF('P0_All Devices'!DRV3:DRV36,"3. Missing baseline") -> 0 | BA6: =COUNTIF('P1(Stopwatch)'!ACP3:ACP7,"3. Missing baseline")+COUNTIF(P1_P2_P3_Automation!CAT3:CAT17,"3. Missing baseline") -> 0 | BB6: =COUNTIF('P2(Stopwatch)'!AAX3:AAX18,"3. Missing baseline")+COUNTIF(P1_P2_P3_Automation!CAT18:CAT31,"3. Missing baseline") -> 0 | BC6: =COUNTIF('P3(Stopwatch)'!ABU3:ABU12,"3. Missing baseline")+COUNTIF(P1_P2_P3_Automation!CAT32:CAT32,"3. Missing baseline") -> 0 | BD6: =COUNTIF('One time execution_Milestone'!CP4:CP64,"3. Missing baseline") -> 0 | BE6: =COUNTIF([3]P0!CVW3:CVW36,"3. Missing baseline") -> #VALUE! | BF6: =COUNTIF('[3]P1(Stopwatch)'!UH3:UH41,"3. Missing baseline")+COUNTIF([3]P1_P2_P3_Automation!CAO3:CAO17,"3. Missing baseline") -> #VALUE! | BG6: =COUNTIF('[3]P2(Stopwatch)'!SX3:SX30,"3. Missing baseline")+COUNTIF([3]P1_P2_P3_Automation!CAO18:CAO31,"3. Missing baseline") -> #VALUE! | BH6: =COUNTIF('[3]P3(Stopwatch)'!VO3:VO23,"3. Missing baseline")+COUNTIF([3]P1_P2_P3_Automation!CAO32:CAO32,"3. Missing baseline") -> #VALUE! | BI6: =COUNTIF([3]P0!CVX3:CVX36,"3. Missing baseline") -> #VALUE! | BJ6: =COUNTIF('[3]P1(Stopwatch)'!UL3:UL41,"3. Missing baseline")+COUNTIF([3]P1_P2_P3_Automation!CAS3:CAS17,"3. Missing baseline") -> #VALUE! | BK6: =COUNTIF('[3]P2(Stopwatch)'!TB3:TB30,"3. Missing baseline")+COUNTIF([3]P1_P2_P3_Automation!CAS18:CAS31,"3. Missing baseline") -> #VALUE! | BL6: =COUNTIF('[3]P3(Stopwatch)'!VS3:VS23,"3. Missing baseline")+COUNTIF([3]P1_P2_P3_Automation!CAS32:CAS32,"3. Missing baseline") -> #VALUE! | BM6: =COUNTIF([3]P0!CVY3:CVY36,"3. Missing baseline")+COUNTIF('[3]P0 Pisco & Barolo'!CP5:CP24,"3. Missing baseline")+COUNTIF('[3]Canvas and Structured '!BV4:BV11,"3. Missing baseline") -> #VALUE! | BN6: =COUNTIF('[3]P1(Stopwatch)'!UP3:UP41,"3. Missing baseline")+COUNTIF([3]P1_P2_P3_Automation!CAW3:CAW17,"3. Missing baseline") -> #VALUE! | BO6: =COUNTIF('[3]P2(Stopwatch)'!TF3:TF30,"3. Missing baseline")+COUNTIF([3]P1_P2_P3_Automation!CAW18:CAW31,"3. Missing baseline") -> #VALUE! | BP6: =COUNTIF('[3]P3(Stopwatch)'!VW3:VW23,"3. Missing baseline")+COUNTIF([3]P1_P2_P3_Automation!CAW32:CAW32,"3. Missing baseline") -> #VALUE! | BQ6: =COUNTIF([3]P0_Seabreeze!BU3:BU65,"3. Missing baseline ") -> #VALUE! | BR6: =COUNTIF('[3]P1(Stopwatch)'!UT3:UT41,"3. Missing baseline")+COUNTIF([3]P1_P2_P3_Automation!CBA3:CBA17,"3. Missing baseline") -> #VALUE! | BS6: =COUNTIF('[3]P2(Stopwatch)'!TJ3:TJ30,"3. Missing baseline")+COUNTIF([3]P1_P2_P3_Automation!CBA18:CBA31,"3. Missing baseline") -> #VALUE! | BT6: =COUNTIF('[3]P3(Stopwatch)'!WA3:WA23,"3. Missing baseline")+COUNTIF([3]P1_P2_P3_Automation!CBA32:CBA32,"3. Missing baseline") -> #VALUE!
A7: 4.Blocker/Not Executed | B7: =COUNTIF('P0_All Devices'!DRL3:DRL36,"4.Blocker/Not Executed") -> 0 | C7: =COUNTIF('P1(Stopwatch)'!ACE3:ACE7,"4.Blocker/Not Executed")+COUNTIF(P1_P2_P3_Automation!CAJ3:CAJ15,"4.Blocker/Not Executed") -> 3 | D7: =COUNTIF('P2(Stopwatch)'!AAN3:AAN18,"4.Blocker/Not Executed")+COUNTIF(P1_P2_P3_Automation!CAJ18:CAJ31,"4.Blocker/Not Executed") -> 1 | E7: =COUNTIF('P3(Stopwatch)'!ABK3:ABK12,"4.Blocker/Not Executed")+COUNTIF(P1_P2_P3_Automation!CAJ32:CAJ32,"4.Blocker/Not Executed") -> 1 | F7: =COUNTIF('One time execution_Milestone'!BT4:BT64,"4.Blocker/Not Executed") -> 0 | G7: =COUNTIF('P0_All Devices'!DRM3:DRM36,"4.Blocker/Not Executed") -> 0 | H7: =COUNTIF('P1(Stopwatch)'!ACF3:ACF7,"4.Blocker/Not Executed")+COUNTIF(P1_P2_P3_Automation!CAK3:CAK11,"4.Blocker/Not Executed") -> 0 | I7: =COUNTIF('P2(Stopwatch)'!AAO3:AAO14,"4.Blocker/Not Executed")+COUNTIF(P1_P2_P3_Automation!CAK18:CAK31,"4.Blocker/Not Executed") -> 9 | J7: =COUNTIF('P3(Stopwatch)'!ABL3:ABL3,"4.Blocker/Not Executed")+COUNTIF(P1_P2_P3_Automation!CAK32:CAK32,"4.Blocker/Not Executed") -> 0 | K7: =COUNTIF('One time execution_Milestone'!BW4:BW64,"4.Blocker/Not Executed") -> 0 | L7: =COUNTIF('P0_All Devices'!DRN3:DRN36,"4.Blocker/Not Executed") -> 0 | M7: =COUNTIF('P1(Stopwatch)'!ACG3:ACG7,"4.Blocker/Not Executed")+COUNTIF(P1_P2_P3_Automation!CAL3:CAL15,"4.Blocker/Not Executed") -> 3 | N7: =COUNTIF('P2(Stopwatch)'!AAP3:AAP18,"4.Blocker/Not Executed")+COUNTIF(P1_P2_P3_Automation!CAL18:CAL31,"4.Blocker/Not Executed") -> 8 | O7: =COUNTIF('P3(Stopwatch)'!ABM3:ABM12,"4.Blocker/Not Executed")+COUNTIF(P1_P2_P3_Automation!CAL32:CAL32,"4.Blocker/Not Executed") -> 5 | P7: =COUNTIF('One time execution_Milestone'!BV4:BV64,"4.Blocker/Not Executed") -> 0 | Q7: =COUNTIF('P0_All Devices'!DRO3:DRO36,"4.Blocker/Not Executed") -> 0 | R7: =COUNTIF('P1(Stopwatch)'!ACH3:ACH7,"4.Blocker/Not Executed")+COUNTIF(P1_P2_P3_Automation!CAM3:CAM15,"4.Blocker/Not Executed") -> 3 | S7: =COUNTIF('P2(Stopwatch)'!AAQ3:AAQ18,"4.Blocker/Not Executed")+COUNTIF(P1_P2_P3_Automation!CAM18:CAM31,"4.Blocker/Not Executed") -> 1 | T7: =COUNTIF('P3(Stopwatch)'!ABN3:ABN12,"4.Blocker/Not Executed")+COUNTIF(P1_P2_P3_Automation!CAM32:CAM32,"4.Blocker/Not Executed") -> 1 | U7: =COUNTIF('One time execution_Milestone'!BW4:BW64,"4.Blocker/Not Executed") -> 0 | V7: =COUNTIF('P0_All Devices'!DRP3:DRP36,"4.Blocker/Not Executed") -> 0 | W7: =COUNTIF('P1(Stopwatch)'!ACI3:ACI7,"4.Blocker/Not Executed")+COUNTIF(P1_P2_P3_Automation!CAN3:CAN15,"4.Blocker/Not Executed") -> 3 | X7: =COUNTIF('P2(Stopwatch)'!AAR3:AAR18,"4.Blocker/Not Executed")+COUNTIF(P1_P2_P3_Automation!CAN18:CAN31,"4.Blocker/Not Executed") -> 1 | Y7: =COUNTIF('P3(Stopwatch)'!ABO3:ABO12,"4.Blocker/Not Executed")+COUNTIF(P1_P2_P3_Automation!CAN32:CAN32,"4.Blocker/Not Executed") -> 0 | Z7: =COUNTIF('One time execution_Milestone'!BX4:BX64,"4.Blocker/Not Executed") -> 0 | AA7: =COUNTIF('P0_All Devices'!DRQ3:DRQ36,"4.Blocker/Not Executed") -> 0 | AB7: =COUNTIF('P1(Stopwatch)'!ACJ3:ACJ7,"4.Blocker/Not Executed")+COUNTIF(P1_P2_P3_Automation!CAO3:CAO15,"4.Blocker/Not Executed") -> 0 | AC7: =COUNTIF('P2(Stopwatch)'!AAS3:AAS18,"4.Blocker/Not Executed")+COUNTIF(P1_P2_P3_Automation!CAO18:CAO31,"4.Blocker/Not Executed") -> 3 | AD7: =COUNTIF('P3(Stopwatch)'!ABP3:ABP12,"4.Blocker/Not Executed")+COUNTIF(P1_P2_P3_Automation!CAO32:CAO32,"4.Blocker/Not Executed") -> 1 | AE7: =COUNTIF('One time execution_Milestone'!BY4:BY64,"4.Blocker/Not Executed") -> 0 | AF7: =COUNTIF('P0_All Devices'!DRR3:DRR36,"4.Blocker/Not Executed") -> 0 | AG7: =COUNTIF('P1(Stopwatch)'!ACK3:ACK7,"4.Blocker/Not Executed")+COUNTIF(P1_P2_P3_Automation!CAP3:CAP15,"4.Blocker/Not Executed") -> 0 | AH7: =COUNTIF('P2(Stopwatch)'!AAT3:AAT18,"4.Blocker/Not Executed")+COUNTIF(P1_P2_P3_Automation!CAP18:CAP31,"4.Blocker/Not Executed") -> 0 | AI7: =COUNTIF('P3(Stopwatch)'!ABQ3:ABQ12,"4.Blocker/Not Executed")+COUNTIF(P1_P2_P3_Automation!CAP32:CAP32,"4.Blocker/Not Executed") -> 1 | AJ7: =COUNTIF('One time execution_Milestone'!BZ4:BZ64,"4.Blocker/Not Executed") -> 6 | AK7: =COUNTIF('P0_All Devices'!DRS3:DRS36,"4.Blocker/Not Executed") -> 0 | AL7: =COUNTIF('P1(Stopwatch)'!ACL3:ACL7,"4.Blocker/Not Executed")+COUNTIF(P1_P2_P3_Automation!CAQ3:CAQ15,"4.Blocker/Not Executed") -> 0 | AM7: =COUNTIF('P2(Stopwatch)'!AAU3:AAU18,"4.Blocker/Not Executed")+COUNTIF(P1_P2_P3_Automation!CAY18:CAY31,"4.Blocker/Not Executed") -> 3 | AN7: =COUNTIF('P3(Stopwatch)'!ABR3:ABR12,"4.Blocker/Not Executed")+COUNTIF(P1_P2_P3_Automation!CAY32:CAY32,"4.Blocker/Not Executed") -> 0 | AO7: =COUNTIF('One time execution_Milestone'!CA4:CA64,"4.Blocker/Not Executed") -> 0 | AP7: =COUNTIF('P0_All Devices'!DRT3:DRT36,"4.Blocker/Not Executed") -> 0 | AQ7: =COUNTIF('P1(Stopwatch)'!ACN3:ACN7,"4.Blocker/Not Executed")+COUNTIF(P1_P2_P3_Automation!CAR3:CAR15,"4.Blocker/Not Executed") -> 0 | AR7: =COUNTIF('P2(Stopwatch)'!AAV3:AAV18,"4.Blocker/Not Executed")+COUNTIF(P1_P2_P3_Automation!CAR18:CAR31,"4.Blocker/Not Executed") -> 4 | AS7: =COUNTIF('P3(Stopwatch)'!ABS3:ABS12,"4.Blocker/Not Executed")+COUNTIF(P1_P2_P3_Automation!CAR32:CAR32,"4.Blocker/Not Executed") -> 1 | AT7: =COUNTIF('One time execution_Milestone'!CF4:CF64,"4.Blocker/Not Executed") -> 0 | AU7: =COUNTIF('P0_All Devices'!DRU3:DRU36,"4.Blocker/Not Executed") -> 0 | AV7: =COUNTIF('P1(Stopwatch)'!ACO3:ACO8,"4.Blocker/Not Executed")+COUNTIF(P1_P2_P3_Automation!CAW3:CAW15,"4.Blocker/Not Executed") -> 0 | AW7: =COUNTIF('P2(Stopwatch)'!AAW3:AAW18,"4.Blocker/Not Executed")+COUNTIF(P1_P2_P3_Automation!CAS18:CAS31,"4.Blocker/Not Executed") -> 4 | AX7: =COUNTIF('P3(Stopwatch)'!ABT3:ABT12,"4.Blocker/Not Executed")+COUNTIF(P1_P2_P3_Automation!CAS32:CAS32,"4.Blocker/Not Executed") -> 1 | AY7: =COUNTIF('One time execution_Milestone'!CK4:CK64,"4.Blocker/Not Executed") -> 0 | AZ7: =COUNTIF('P0_All Devices'!DRV3:DRV36,"4.Blocker/Not Executed") -> 0 | BA7: =COUNTIF('P1(Stopwatch)'!ACP3:ACP7,"4.Blocker/Not Executed")+COUNTIF(P1_P2_P3_Automation!CAT3:CAT17,"4.Blocker/Not Executed") -> 2 | BB7: =COUNTIF('P2(Stopwatch)'!AAX3:AAX18,"4.Blocker/Not Executed")+COUNTIF(P1_P2_P3_Automation!CAT18:CAT31,"4.Blocker/Not Executed") -> 8 | BC7: =COUNTIF('P3(Stopwatch)'!ABU3:ABU12,"4.Blocker/Not Executed")+COUNTIF(P1_P2_P3_Automation!CAT32:CAT32,"4.Blocker/Not Executed") -> 0 | BD7: =COUNTIF('One time execution_Milestone'!CP4:CP64,"4.Blocker/Not Executed") -> 0 | BE7: =COUNTIF([3]P0!CVW3:CVW36,"4.Blocker/Not Executed") -> #VALUE! | BF7: =COUNTIF('[3]P1(Stopwatch)'!UH3:UH41,"4.Blocker/Not Executed")+COUNTIF([3]P1_P2_P3_Automation!CAO3:CAO17,"4.Blocker/Not Executed") -> #VALUE! | BG7: =COUNTIF('[3]P2(Stopwatch)'!SX3:SX30,"4.Blocker/Not Executed")+COUNTIF([3]P1_P2_P3_Automation!CAO18:CAO31,"4.Blocker/Not Executed") -> #VALUE! | BH7: =COUNTIF('[3]P3(Stopwatch)'!VO3:VO23,"4.Blocker/Not Executed")+COUNTIF([3]P1_P2_P3_Automation!CAO32:CAO32,"4.Blocker/Not Executed") -> #VALUE! | BI7: =COUNTIF([3]P0!CVX3:CVX36,"4.Blocker/Not Executed") -> #VALUE! | BJ7: =COUNTIF('[3]P1(Stopwatch)'!UL3:UL41,"4.Blocker/Not Executed")+COUNTIF([3]P1_P2_P3_Automation!CAS3:CAS17,"4.Blocker/Not Executed") -> #VALUE! | BK7: =COUNTIF('[3]P2(Stopwatch)'!TB3:TB30,"4.Blocker/Not Executed")+COUNTIF([3]P1_P2_P3_Automation!CAS18:CAS31,"4.Blocker/Not Executed") -> #VALUE! | BL7: =COUNTIF('[3]P3(Stopwatch)'!VS3:VS23,"4.Blocker/Not Executed")+COUNTIF([3]P1_P2_P3_Automation!CAS32:CAS32,"4.Blocker/Not Executed") -> #VALUE! | BM7: =COUNTIF([3]P0!CVY3:CVY36,"4.Blocker/Not Executed")+COUNTIF('[3]P0 Pisco & Barolo'!CP5:CP24,"4.Blocker/Not Executed")+COUNTIF('[3]Canvas and Structured '!BV4:BV11,"4.Blocker/Not Executed") -> #VALUE! | BN7: =COUNTIF('[3]P1(Stopwatch)'!UP3:UP41,"4.Blocker/Not Executed")+COUNTIF([3]P1_P2_P3_Automation!CAW3:CAW17,"4.Blocker/Not Executed") -> #VALUE! | BO7: =COUNTIF('[3]P2(Stopwatch)'!TF3:TF30,"4.Blocker/Not Executed")+COUNTIF([3]P1_P2_P3_Automation!CAW18:CAW31,"4.Blocker/Not Executed") -> #VALUE! | BP7: =COUNTIF('[3]P3(Stopwatch)'!VW3:VW23,"4.Blocker/Not Executed")+COUNTIF([3]P1_P2_P3_Automation!CAW32:CAW32,"4.Blocker/Not Executed") -> #VALUE! | BQ7: =COUNTIF([3]P0_Seabreeze!BU3:BU65,"4.Blocker/Not Executed") -> #VALUE! | BR7: =COUNTIF('[3]P1(Stopwatch)'!UT3:UT41,"4.Blocker/Not Executed")+COUNTIF([3]P1_P2_P3_Automation!CBA3:CBA17,"4.Blocker/Not Executed") -> #VALUE! | BS7: =COUNTIF('[3]P2(Stopwatch)'!TJ3:TJ30,"4.Blocker/Not Executed")+COUNTIF([3]P1_P2_P3_Automation!CBA18:CBA31,"4.Blocker/Not Executed") -> #VALUE! | BT7: =COUNTIF('[3]P3(Stopwatch)'!WA3:WA23,"4.Blocker/Not Executed")+COUNTIF([3]P1_P2_P3_Automation!CBA32:CBA32,"4.Blocker/Not Executed") -> #VALUE!
A8: Total | B8: =SUM(B4:B7) -> 34 | C8: =SUM(C4:C7) -> 18 | D8: =SUM(D4:D7) -> 30 | E8: =SUM(E4:E7) -> 11 | F8: =SUM(F4:F7) -> 55 | G8: =SUM(G4:G7) -> 34 | H8: =SUM(H4:H7) -> 14 | I8: =SUM(I4:I7) -> 26 | ... BT8: =SUM(BT4:BT7) -> #VALUE!

Sheet P0_All Devices
T1: Eanab | II1: Icewine | ML1: Muscat | US1: Whisky | ADC1: Cognac | ALW1: Moonshine | AYT1: Jaeger | BLC1: Stinger | BYP1: Malbec | CIO1: Cava | CQE1: Barolo | DCS1: Rossini | DGM1: Rossini | DLY1: Sangria | DNP1: Pisco
A2: # | B2: Priority | C2: Automation Stauts | D2: Dashboard Component | E2: New_Dashboard_Component | F2: Dashboard Scenario Name | G2: Dashboard Scenario Name_1 | H2: Wave form | I2: Action Name | J2: Performance Scenario | K2: Mainline-250 | L2: Mainline- 253 (sec) | M2: Mainline- 282 (sec) | N2: Mainline- 295 (sec) | O2: Mainline- 310 (sec) | P2: Mainline- 375 (sec) | Q2: J11.1.1_001(sec) | R2: Mainline 389(sec) | S2: Mainline-405 (sec) | T2: Mainline Eanab BRD (sec) | U2: J12.3 - 495 (sec) | V2: J12.3 - 497 (sec) | W2: J12.3 - 503 (sec) | X2: J12.3 - 509 (sec) | Y2: J12.3 - 512 (sec) | Z2: J12.3 - 518 (sec) | AA2: J12.3 - 525 (sec) | AB2: J12.3 - 531 (sec) | AC2: SBR_25 | AD2: JAN Eanab BRD (sec) | AE2: J12.3 - 537 (sec) | AF2: J13.1 - 547 (sec) | AG2: J13.1 - 549 (sec) | AH2: J13.1 - 554 (sec) | AI2: J13.1 - 563 (sec) | AJ2: J13.1 - 568 (sec) | AK2: J13.1 - 571 (sec) | AL2: J13.1 - 576 (sec) | AM2: J13.1 - 585 (sec) | AN2: J13.1 - 593 (sec) | AO2: J13.1 - 622 (sec) | AP2: J13.1 - 637 (sec) | AQ2: J12.5 - 655 (sec) | AR2: SBR_J12.4_42(sec) | AS2: June Eanab BRD (sec) | AT2: J12.6 - 683 (sec) | AU2: J12.6 - 692 (sec) | AV2: J12.6 - 696 (sec) | AW2: J12.6 - 703 (sec) | AX2: J12.6 - 710 (sec) | AY2: J12.6 - 717 (sec) | AZ2: J12.6 - 723 (sec) | BA2: J13.1 - 727 (sec) | BB2: J12.6_731 | BC2: J13.1 - 734 (sec) | BD2: 1205_B041 (sec)(old num) | BE2: June Eanab BRD (sec) | BF2: SBR_1205_B041 (sec) | BG2: Mainline Eanab BRD (open scenarios change)(sec) | BH2: J13.1 - 738 (sec) | BI2: J13.2 - 748 (sec) | BJ2: J13.2 - 753 (sec) | BK2: J13.2 - 759 (sec) | BL2: J13.2 - 764 (sec) | BM2: J13.2 - 771 (sec) | BN2: J13.2 - 776 (sec) | BO2: J13.2 - 782 (sec) | BP2: J13.2 - 789 (sec) | BQ2: 1301_B037 (sec) | BR2: Mainline Oct Eanab BRD (sec) | BS2: J13.2 - 792 (sec) | BT2: J13.3-798 (sec) | BU2: J13.3-801 (sec) | BV2: J13.3-804 (sec) | BW2: J13.3_808 | BX2: J13.3-809 (sec) | BY2: J13.3-815 (sec) | BZ2: J13.3-822 (sec) | CA2: J13.3-828 (sec) | CB2: J13.3-829 (sec) | CC2: J13.3-835 (sec) | CD2: J13.3-842 (sec) | CE2: 1302_B039 (sec) | CF2: Mainline Eanab BRD (sec) | CG2: J13.4-849 (sec) | CH2: J13.4_855 | CI2: J13.4-858 (sec) | CJ2: J13.4-862 (sec) | CK2: J13.4-868 (sec) | CL2: J13.4_872 | CM2: J13.4-877 (sec) | CN2: J13.4-882 (sec) | CO2: J13.4-892 | CP2: 1303_B033 (sec) | CQ2: February Eanab BRD (sec) | CR2: J13.5-896 (sec) | CS2: J13.5-900 (sec) | CT2: J13.5-908 (sec) | CU2: J13.5_909 | CV2: J13.5-913 (sec) | CW2: J13.5-917 (sec) | CX2: J13.5-923 (sec) | CY2: J13.5-924 (sec) | CZ2: J13.5-928 (sec) | DA2: SBR_026 (sec) | DB2: April Eanab BRD (sec) | DC2: J13.6_933 | DD2: J13.6_939 | DE2: J13.6_946 | DF2: J13.6_952 | DG2: J13.6_958 | DH2: J13.6_963 | DI2: J13.6_969 | DJ2: J13.6_975 | DK2: J13.6_980 | DL2: J13.6_984 | DM2: SBR_29 | DN2: Mainline Eanab BRD (sec) | DO2: J13.7.994 | DP2: J13.7.995 | DQ2: J13.7.1000 | DR2: J13.7.1006 | DS2: J13.7.1012(Java UI) | DT2: J13.7.1018 (Decanter UI) | DU2: J13.7.1029 (Decanter UI) | DV2: J13.7.1032 (Decanter UI) | DW2: J13.7.1038 (Decanter UI) | DX2: J13.7.1044 (Decanter UI) | DY2: J13.7.1050 (Decanter UI) | DZ2: J13.6_B040 | EA2: Mainline Eanab BRD (sec) | EB2: J13.7.1056 (Decanter UI) | EC2: J13.7.1062 (Decanter UI) | ED2: J13.7.1068 (Decanter UI) | EE2: J13.7_1069 (Decanter UI) | EF2: J13.7.1074 (Decanter UI) | EG2: J13.7.1080 (Decanter UI) | EH2: J13.7.1084 (Decanter UI) | EI2: J13.7.1091 (Decanter UI) | EJ2: J13.7.1097 (Decanter UI) | EK2: J13.7.1100 (Decanter UI) | EL2: J13.6_B040 | EM2: Mainline Eanab BRD (sec) | EN2: J14.1-1109 (sec) | EO2: J14.1-1115 (sec) | EP2: J14.1-1121 (sec) | EQ2: J14.1-1127 (sec) | ER2: J14.1-1134 (sec) | ES2: J14.1-1139 (sec) | ET2: J14.1-1145 (sec) | EU2: J14.1.1146 | EV2: J14.1-1148 (sec) | EW2: J13.7_B075 | EX2: Mainline Eanab BRD (sec) | EY2: J14.2-1158 (sec) | EZ2: J14.2-1162 (sec) | FA2: J14.2-1167 (sec) | FB2: J14.2-1171 (sec) | FC2: J14.2-1177 (sec) | FD2: J14.2-1178 (sec) | FE2: J14.2-1183 (sec) | FF2: J14.2-1189 (sec) | FG2: J14.2-1195 (sec) | FH2: J14.2-1199 (sec) | FI2: J14.2-1205 (sec) | FJ2: J14.2-1213 (sec) | FK2: J14.1_B030 | FL2: Mainline Eanab BRD (sec) | FM2: J14.3-1219 (sec) | FN2: J14.3-1225 (sec) | FO2: J14.3-1230 (V1 Chrome) (sec) | FP2: J14.3-1236 (V1 Chrome) (sec) | FQ2: J14.3-1241 (V1 Chrome) (sec) | FR2: J14.3-1246 (V2 Chrome) (sec) | FS2: J14.3-1251 (V2 Chrome) (sec) | FT2: J14.3-1258 (V2 Chrome) (sec) | FU2: J14.3-1264 (V2 Chrome) (sec) | FV2: J14.3-1270 (V2 Chrome) (sec) | FW2: J14.2_B059 (V2 Chrome) | FX2: Mainline Eanab BRD (sec) | FY2: J14.4-1272 (V2 Chrome) (sec) | FZ2: J14.4-1278 (V2 Chrome) (sec) | GA2: J14.4-1281 (V2 Chrome) | GB2: J14.4-1283 (V2 Chrome) (sec) | GC2: J14.4-1289 (V2 Chrome) (sec) | GD2: J14.4-1294 (V2 Chrome) (sec) | GE2: J14.4-1299 (V2 Chrome) (sec) | GG2: J14.4-1304 (V2 Chrome) (sec) | GH2: J14.4-1310 (V2 Chrome) (sec) | GI2: J14.4-1316 (V2 Chrome) (sec) | GJ2: J14.4-1323 (V2 Chrome) (sec) | GK2: J14.4-1329 (V2 Chrome) (sec) | GL2: J14.4-1337 (V2 Chrome) (sec) | GM2: J14.4_1341 (V2 Chrome) (sec) | GN2: J14.4-1345 (V2 Chrome) | GO2: J14.4_1347 (V2 Chrome) (sec) | GP2: J14.4-1350 (V2 Chrome) | GQ2: J14.4_1361 (V2 Chrome) (sec) | GR2: J14.4_1365 (V2 Chrome) (sec) | GS2: J14.4_1370 (V2 Chrome) (sec) | GT2: J14.4_1373 (V2 Chrome) (sec) | GU2: J14.4_1374 (V2 Chrome) (sec) | GV2: J14.4_1379 (V2 Chrome) (sec) | GW2: J14.4_1384 (V2 Chrome) (sec) | GX2: J14.4_1394 (V2 Chrome) (sec) | GY2: J14.4_1402 (V2 Chrome) (sec) | GZ2: J14.4_1407 (V2 Chrome) (sec) | HA2: J14.4_1410 (V2 Chrome) (sec) | HB2: J14.3_B070 (V2 Chrome) | HC2: Mainline Eanab BRD (sec) | HD2: J14.4_1414 (V2 Chrome) (sec) | HE2: J15.1_1418 (V2 Chrome) (sec) | HF2: J15.1_1421 (V2 Chrome) (sec) | HG2: J15.1_1426 (V2 Chrome) (sec) | HH2: J5.15.1.B042 (With DRM update) | HI2: Mainline Eanab BRD (sec) | HJ2: J16.2_B1538 | HK2: J16.2_B1544 | HL2: J16.2_B1550 | HM2: J16.2_B1559 | HN2: J16.2_B1562 | HO2: J16.2_B1562 | HP2: J16.2_B1568 | HQ2: J16.2_B1614 | HR2: J16.2_B1621 | HS2: J16.2_B1627 | HT2: J16.2.1628 | HU2: J16.2_B1633 | HV2: J16.2.1634 | HW2: J16.2_B1640 | HX2: J16.2_B1646 | HY2: Mainline Eanab BRD (sec) | IA2: Dev. % | IB2: Maniline-220 | IC2: Mainline- 253 (sec) | ID2: Mainline- 282 (sec) | IE2: Mainline- 291 (sec) | IF2: Mainline- 309 (sec) | IG2: Mainline - #375 | IH2: J11.1.1_001(sec) | II2: Mainline Icewine BRD (sec) | IJ2: J12.3 - 495 (sec) | IK2: J12.3 - 504 (sec) | IL2: J12.3 - 509 (sec) | IM2: J12.3 - 512 (sec) | IN2: J12.3 - 518 (sec) | IO2: J12.3 - 525 (sec) | IP2: J12.3 - 531 (sec) | IQ2: SBR_25 | IR2: JAN Icewine BRD (sec) | IS2: J12.3 - 537 (sec) | IT2: J13.1 - 547 (sec) | IU2: J13.1 - 554 (sec) | IV2: J13.1 - 563 (sec) | IW2: J13.1 - 567 (sec) | IX2: J13.1 - 570 (sec) | IY2: J13.1 - 571 (sec) | IZ2: J13.1 - 576 (sec) | JA2: J13.1 - 583 (sec) | JB2: J13.1 - 589 (sec) | JC2: J13.1 - 593 (sec) | JD2: J13.1 - 600 (sec) | JE2: J13.1 - 620 (sec) | JF2: J13.1 - 636 (sec) | JG2: J12.5 - 650 (sec) | JH2: J12.5 - 658 (sec) | JI2: SBR_J12.4_42(sec) | JJ2: June Icewine BRD (sec) | JK2: J12.6_673 | JL2: J12.6 - 681 (sec) | JM2: J12.6 - 692 (sec) | JN2: J12.6 - 696 (sec) | JO2: J12.6 - 703 (sec) | JP2: J12.6 - 710 (sec) | JQ2: J12.6 - 717 (sec) | JR2: J12.6 - 723 (sec) | JS2: J13.1 - 727 (sec) | JT2: J13.1 - 734 (sec) | JU2: 1205_B041 (sec)(old num) | JV2: Mainline Icewine BRD (sec) | JW2: SBR_1205_B041 (sec) | JX2: Mainline Icewine BRD (open scenarios change)(sec) | JY2: J13.1 - 738 (sec) | JZ2: J13.2 - 748 (sec) | KA2: J13.2 - 753 (sec) | KB2: J13.2 - 759 (sec) | KC2: J13.2 - 764 (sec) | KD2: J13.2 - 770 (sec) | KE2: J13.2 - 776 (sec) | KF2: J13.2 - 782 (sec) | KG2: J13.2 - 789 (sec) | KH2: 1301_B037 (sec) | KI2: Mainline Oct Icewine BRD (sec) | KJ2: J13.3-798 (sec) | KK2: J13.3-801 (sec) | KL2: J13.3-804 (sec) | KM2: J13.3-809 (sec) | KN2: J13.3-815 (sec) | KO2: J13.3-822 (sec) | KP2: J13.3-829 (sec) | KQ2: J13.3-835 (sec) | KR2: J13.3-842 (sec) | KS2: 1302_B039 (sec) | KT2: Mainline Icewine BRD (sec) | KU2: J13.4-849 (sec) | KV2: J13.4-858 (sec) | KW2: J13.4-862 (sec) | KX2: J13.4-868 (sec) | KY2: J13.4.866 | KZ2: J13.4-877 (sec) | LA2: J13.4.879 | LB2: J13.4-882 (sec) | LC2: 1303_B033 (sec) | LD2: February Icewine BRD (sec) | LE2: J13.5-896 (sec) | LF2: J13.5-900 (sec) | LG2: J13.5-908 (sec) | LH2: J13.5-913 (sec) | LI2: J13.5-917 (sec) | LJ2: J13.5-923 (sec) | LK2: J13.5-928 (sec) | LL2: SBR_026 (sec) | LM2: April Icewine BRD (sec) | LN2: J13.6_933 | LO2: J13.6_939 | LP2: J13.6_946 | LQ2: J13.6_948 | LR2: J13.6_952 | LS2: J13.6_958 | LT2: J13.6_963 | LU2: J13.6_969 | LV2: J13.6_970 | LW2: J13.6_975 | LX2: J13.6_980 | LY2: SBR_029 | LZ2: Mainline Icewine BRD (sec) | MA2: June_994 | MB2: J13.7.1000 | MC2: J13.7.1006 | MD2: Dev. % | ME2: Mainline #178 | MF2: Mainline- 253 (sec) | MG2: Mainline- 282 (sec) | MH2: Mainline- 291 (sec) | MI2: Mainline- 309 (sec) | MJ2: Mainline-375 | MK2: J11.1.1_001(sec) | ML2: Mainline Muscat BRD (sec) | MM2: J12.2 - 495 (sec) | MN2: J12.3 - 504 (sec) | MO2: J12.3 - 507 (sec) | MP2: J12.3 - 509 (sec) | MQ2: J12.3 - 512 (sec) | MR2: J12.3 - 518 (sec) | MS2: J12.3 - 525 (sec) | MT2: J12.3 - 531 (sec) | MU2: SBR_25 | MV2: JAN Muscat BRD (sec) | MW2: J12.3 - 537 (sec) | MX2: J13.1 - 547 (sec) | MY2: J13.1 - 554 (sec) | MZ2: J13.1 - 558 (sec) | NA2: J13.1 - 560 (sec) | NB2: J13.1 - 568 (sec) | NC2: J13.1 - 570(sec) | ND2: J13.1 - 576 (sec) | NE2: J13.1 - 584 (sec) | NF2: J13.1 - 577 | NG2: J13.1 - 589 (sec) | NH2: J13.1 - 593 (sec) | NI2: J12.5- 599 (sec) | NJ2: J12.5- 616 (sec) | NK2: J13.1 - 637 (sec) | NL2: J12.5 - 658 (sec) | NM2: SBR_J12.4_42(sec) | NN2: June Muscat BRD (sec) | NO2: J12.6 - 683 (sec) | NP2: J12.6 - 692 (sec) | NQ2: J12.6 - 696 (sec) | NR2: J12.6 - 699 (sec) | NS2: J12.6 - 703 (sec) | NT2: J12.6 - 710 (sec) | NU2: J12.6 - 717 (sec) | NV2: J12.6 - 723 (sec) | NW2: J13.1 - 727 (sec) | NX2: J13.1 - 734 (sec) | NY2: 1205_B041 (sec)(old num) | NZ2: Mainline Muscat BRD (sec) | OA2: SBR_1205_B041 (sec) | OB2: Mainline Muscat BRD (open scenarios change)(sec) | OC2: J13.1 - 738 (sec) | OD2: J13.2 - 748 (sec) | OE2: J13.2 - 753 (sec) | OF2: J13.2 - 759 (sec) | OG2: J13.2_761 | OH2: J13.2 - 764 (sec) | OI2: J13.2 -770 (sec) | OJ2: J13.2 -776 (sec) | OK2: J13.2 - 782 (sec) | OL2: J13.2 - 789 (sec) | OM2: 1301_B037 (sec) | ON2: Mainline Oct Muscat BRD (sec) | OO2: J13.3-798 (sec) | OP2: J13.3-801 (sec) | OQ2: J13.3-804 (sec) | OR2: J13.3-809 (sec) | OS2: J13.3-815 (sec) | OT2: J13.3-822 (sec) | OU2: J13.3-829 (sec) | OV2: J13.3-835 (sec) | OW2: J13.3-841 (sec) | OX2: J13.3-842 (sec) | OY2: 1302_B039 (sec) | OZ2: Mainline Muscat BRD (sec) | PA2: J13.4_848 | PB2: J13.4-849 (sec) | PC2: J13.4-858 (sec) | PD2: J13.4-862 (sec) | PE2: J13.4-868 (sec) | PF2: J13.4_872 | PG2: J13.4-877 (sec) | PH2: J13.4-882 (sec) | PI2: J13.4.891 | PJ2: 1303_B033 (sec) | PK2: February Muscat BRD (sec) | PL2: J13.5-896 (sec) | PM2: J13.5-900 (sec) | PN2: J13.5-908 (sec) | PO2: J13.5-913 (sec) | PP2: J13.5-913 (sec) | PQ2: J13.5-917 (sec) | PR2: J13.5-923 (sec) | PS2: J13.5-928 (sec) | PT2: SBR_026 (sec) | PU2: April Muscat BRD (sec) | PV2: J13.6_933 | PW2: J13.6_939 | PX2: J13.6_946 | PY2: J13.6_952 | PZ2: J13.6_958 | QA2: J13.6_959 | QB2: J13.6_963 | QC2: J13.6_969 | QD2: J13.6_975 | QE2: J13.6_980 | QF2: J13.6_984 | QG2: SBR_029 | QH2: Mainline Muscat BRD (sec) | QI2: June_994 | QJ2: J13.7.1000 | QK2: J13.7.1006 | QL2: J13.7.1012(Java UI) | QM2: J13.7.1014(Decanter UI) | QN2: J13.7.1018 (Decanter UI) | QO2: J13.7.1029 (Decanter UI) | QP2: J13.7.1032 (Decanter UI) | QQ2: J13.7.1038 (Decanter UI) | QR2: J13.7.1044 (Decanter UI) | QS2: J13.7.1050 (Decanter UI) | QT2: J13.6_B040 | QU2: Mainline Muscat BRD (sec) | QV2: J13.7.1056 (Decanter UI) | QW2: J13.7.1062 (Decanter UI) | QX2: J13.7.1068 (Decanter UI) | QY2: J13.7_B074 | QZ2: J13.7.1080 (Decanter UI) | RA2: J13.7.1084 (Decanter UI) | RB2: J13.7.1091 (Decanter UI) | RC2: J13.7.1097 (Decanter UI) | RD2: J13.7.1100 (Decanter UI) | RE2: J13.6_B040 | RF2: Mainline Muscat BRD (sec) | RG2: J14.1-1109 (sec) | RH2: J14.1_1110 | RI2: J14.1-1115 (sec) | RJ2: J14.1-1121 (sec) | RK2: J14.1-1127 (sec) | RL2: J14.1-1134 (sec) | RM2: J14.1-1139 (sec) | RN2: J14.1-1145 (sec) | RO2: J14.1-1148 (sec) | RP2: J13.7_B075 | RQ2: Mainline Muscat BRD (sec) | RR2: J14.2_1157 | RS2: J14.2-1158 (sec) | RT2: J14.2-1162 (sec) | RU2: J14.2-1167 (sec) | RV2: J14.2-1171 (sec) | RW2: J14.2-1177 (sec) | RX2: J14.2-1183 (sec) | RY2: J14.2-1189 (sec) | RZ2: J14.2-1195 (sec) | SA2: J14.2-1199 (sec) | SB2: J14.2-1205 (sec) | SC2: J14.2-1213 (sec) | SD2: J14.1_B030 | SE2: Mainline Muscat BRD (sec) | SF2: J14.3-1219 (sec) | SG2: J14.3-1225 (sec) | SH2: J14.3-1230 (V1 Chrome) (sec) | SI2: J14.3-1236 (V1 Chrome) (sec) | SJ2: J14.3-1240 (V1 Chrome) (sec) | SK2: J14.3-1246 (V2 Chrome) (sec) | SL2: J14.3-1251 (V2 Chrome) (sec) | SM2: J14.3-1252 (V2 Chrome) (sec) | SN2: J14.3-1258 (V2 Chrome) (sec) | SO2: J14.3-1264 (V2 Chrome) (sec) | SP2: J14.3-1270 (V2 Chrome) (sec) | SQ2: J14.2_B059 (V2 Chrome) | SR2: Mainline Muscat BRD (sec) | SS2: J14.4-1272 (V2 Chrome) (sec) | ST2: J14.4_1273 (Chrome V2) | SU2: J14.4-1278 (V2 Chrome) (sec) | SV2: J14.4-1284 (V2 Chrome) (sec) | SW2: J14.4-1286 (V2 Chrome) (sec) | SX2: J14.4-1289 (V2 Chrome) (sec) | SY2: J14.4-1294 (V2 Chrome) (sec) | SZ2: J14.4-1299 (V2 Chrome) (sec) | TA2: J14.4-1305 (V2 Chrome) (sec) | TB2: J14.4-1306 (V2 Chrome) (sec) | TC2: J14.4-1310 (V2 Chrome) (sec) | TD2: J14.4-1317 (V2 Chrome) (sec) | TE2: J14.4-1323 (V2 Chrome) (sec) | TF2: J14.4-1329 (V2 Chrome) (sec) | TG2: J14.4_1336 (V2 Chrome) (sec) | TH2: J14.4_1341 (V2 Chrome) (sec) | TI2: J14.4_1347 (V2 Chrome) (sec) | TJ2: J14.4_1356 (V2 Chrome) | TK2: J14.4_1361 (V2 Chrome) | TL2: J14.4_1365 (V2 Chrome) (sec) | TM2: J14.4_1370 (V2 Chrome) (sec) | TN2: J14.4_1374 (V2 Chrome) (sec) | TO2: J14.4_1379 (V2 Chrome) (sec) | TP2: J14.4_1384 (V2 Chrome) (sec) | TQ2: J14.4_1391 (V2 Chrome) (sec) | TR2: J14.4_1394 (V2 Chrome) (sec) | TS2: J14.4_1401 (V2 Chrome) (sec) | TT2: J14.4_1407 (V2 Chrome) (sec) | TU2: J14.3_B070 (V2 Chrome) | TV2: Mainline Muscat BRD (sec) | TW2: J14.4_1414 (V2 Chrome) (sec) | TX2: J15.1_1418 (V2 Chrome) (sec) | TY2: J15.1_1421 (V2 Chrome) (sec) | TZ2: J15.1_1426 (V2 Chrome) (sec) | UA2: J15.1_42 | UB2: Mainline Muscat BRD (sec) | UC2: J16.2_B1538 | UD2: J16.2_B1544 | UE2: J16.2_B1550 | UF2: J16.2_B1559 | UG2: J16.2_B1562 | UH2: J16.2_B1568 | UI2: J16.2_B1614 | UJ2: J16.2_B1621 | UK2: J16.2_B1627 | UL2: J16.2_B1633 | UM2: J16.2_B1640 | UN2: J16.2_B1641 | UO2: J16.2_B1646 | UP2: Mainline Muscat BRD (sec) | UR2: Dev. % | US2: Mainline- 253 (sec) | UT2: Mainline- 282 (sec) | UU2: Mainline- 291 (sec) | UV2: Mainline- 310 (sec) | UW2: Mainline- 375 (secs) | UX2: J11.1.1_001(sec) | UY2: NOV Whisky BRD (sec) | UZ2: J12.3 - 495 (sec) | VA2: J12.3 - 504 (sec) | VB2: J12.3 - 509 (sec) | VC2: J12.3 - 512 (sec) | VD2: J12.3 - 518 (sec) | VE2: J12.3_524 | VF2: J12.3 - 525 (sec) | VG2: J12.3 - 531 (sec) | VH2: SBR_25 | VI2: JAN Whisky BRD (sec) | VJ2: J12.3 - 537 (sec) | VK2: J13.1 - 546 (sec) | VL2: J13.1 - 554 (sec) | VM2: J13.1 - 562 (sec) | VN2: J13.1 - 564 | VO2: J13.1 - 568 (sec) | VP2: J13.1 - 571(sec) | VQ2: J13.1 - 576 (sec) | VR2: J13.1 - 585 (sec) | VS2: J13.1 - 593 (sec) | VT2: J13.1 - 619 (sec) | VU2: J13.1 - 636 (sec) | VV2: J12.5 - 658 (sec) | VW2: SBR_J12.4_42(sec) | VX2: June Whisky BRD (sec) | VY2: J12.6 - 683 (sec) | VZ2: J12.6 - 692 (sec) | WA2: J12.6 - 696 (sec) | WB2: J12.6 - 703 (sec) | WC2: J12.6 - 705 (sec) | WD2: J12.6 - 710 (sec) | WE2: J12.6 - 717 (sec) | WF2: J12.6 - 723 (sec) | WG2: J13.1 - 727 (sec) | WH2: J13.1 - 734 (sec) | WI2: 1205_B041 (sec)(old num) | WJ2: Mainline Whisky BRD (sec) | WK2: SBR_1205_B041 (sec) | WL2: Mainline Whisky BRD (open scenarios change)(sec) | WM2: J13.1 - 738 (sec) | WN2: J13.2 - 748 (sec) | WO2: J13.2 - 753 (sec) | WP2: J13.2 - 759 (sec) | WQ2: J13.2 - 764 (sec) | WR2: J13.2 -772 (sec) | WS2: J13.2 -770 (sec) | WT2: J13.2 -776 (sec) | WU2: J13.2 - 782 (sec) | WV2: J13.2 - 789 (sec) | WW2: 1301_B037 (sec) | WX2: Mainline Oct Whisky BRD (sec) | WY2: J13.3-798 (sec) | WZ2: J13.3-801 (sec) | XA2: J13.3-804 (sec) | XB2: J13.3-809 (sec) | XC2: J13.3-815 (sec) | XD2: J13.3-822 (sec) | XE2: J13.3-829 (sec) | XF2: J13.3-835 (sec) | XG2: J13.3_841 | XH2: J13.3-842 (sec) | XI2: 1302_B039 (sec) | XJ2: Mainline Whisky BRD (sec) | XK2: J13.4-849 (sec) | XL2: J13.4-858 (sec) | XM2: J13.4_860 | XN2: J13.4-862 (sec) | XO2: J13.4-868 (sec) | XP2: J13.4-877 (sec) | XQ2: J13.4.879 | XR2: J13.4-882 (sec) | XS2: 1303_B033 (sec) | XT2: February Whisky BRD (sec) | XU2: J13.5-896 (sec) | XV2: J13.5-900 (sec) | XW2: J13.5-908 (sec) | XX2: J13.5-911 (sec) | XY2: J13.5-913 (sec) | XZ2: J13.5-917 (sec) | YA2: J13.5-923 (sec) | YB2: J13.5-928 (sec) | YC2: SBR_026 (sec) | YD2: April Whisky BRD (sec) | YE2: J13.6_933 | YF2: J13.6_939 | YG2: J13.6_946 | YH2: J13.6_952 | YI2: J13.6_958 | YJ2: J13.6_963 | YK2: J13.6.964 | YL2: J13.6_969 | YM2: J13.6_975 | YN2: J13.6_980 | YO2: J13.6_984 | YP2: SBR_029 | YQ2: Mainline Whisky BRD (sec) | YR2: June_994 | YS2: J13.7.1000 | YT2: J13.7.1006 | YU2: J13.7.1012(Java UI) | YV2: J13.7.1018 (Decanter UI) | YW2: 'J13.7.1027 | YX2: J13.7.1029 (Decanter UI) | YY2: J13.7.1032 (Decanter UI) | YZ2: J13.7.1038 (Decanter UI) | ZA2: J13.7.1044 (Decanter UI) | ZB2: J13.7.1050 (Decanter UI) | ZC2: J13.7.1051 | ZD2: J13.6_B040 | ZE2: Mainline Whisky BRD (sec) | ZF2: J13.7.1056 (Decanter UI) | ZG2: J13.7.1062 (Decanter UI) | ZH2: J13.7.1068 (Decanter UI) | ZI2: J13.7.1074 (Decanter UI) | ZJ2: J13.7.1080 (Decanter UI) | ZK2: J13.7.1084 (Decanter UI) | ZL2: J13.7.1091 (Decanter UI) | ZM2: J13.7.1097 (Decanter UI) | ZN2: J13.7_1100 (Decanter UI) | ZO2: J13.6_B040 | ZP2: Mainline Whisky BRD (sec) | ZQ2: J14.1-1109 (sec) | ZR2: J14.1-1115 (sec) | ZS2: J14.1-1121 (sec) | ZT2: J14.1_1122 | ZU2: J14.1-1127 (sec) | ZV2: J14.1-1133 (sec) | ZW2: J14.1-1138 (sec) | ZX2: J14.1-1145 (sec) | ZY2: J14.1-1148 (sec) | ZZ2: J13.7_B075 (sec) | AAA2: Mainline Whisky BRD (sec) | AAB2: J14.2-1158 (sec) | AAC2: J14.2.1161 | AAD2: J14.2-1162 (sec) | AAE2: J14.2-1167 (sec) | AAF2: J14.2-1171 (sec) | AAG2: J14.2-1177 (sec) | AAH2: J14.2-1183 (sec) | AAI2: J14.2-1189 (sec) | AAJ2: J14.2-1195 (sec) | AAK2: J14.2-1199 (sec) | AAL2: J14.2-1205 (sec) | AAM2: J14.2-1213 (sec) | AAN2: J14.1_B030 | AAO2: Mainline Whisky BRD (sec) | AAP2: J14.3-1219 (sec) | AAQ2: J14.3-1225 (sec) | AAR2: J14.3-1230 (V1 Chrome) (sec) | AAS2: J14.3-1236 (V1 Chrome) (sec) | AAT2: J14.3_1237 | AAU2: J14.3-1240 (V1 Chrome) (sec) | AAV2: J14.3-1246 (V2 Chrome) (sec) | AAW2: J14.3-1251 (V2 Chrome) (sec) | AAX2: J14.3-1258 (V2 Chrome) (sec) | AAY2: J14.3-1264 (V2 Chrome) (sec) | AAZ2: J14.3-1270 (V2 Chrome) (sec) | ABA2: J14.2_B059 (V2 Chrome) | ABB2: Mainline Whisky BRD (sec) | ABC2: J14.4-1272 (V2 Chrome) (sec) | ABD2: J14.4-1278 (V2 Chrome) (sec) | ABE2: J14.4-1283 (V2 Chrome) (sec) | ABF2: J14.4_B1291 (V2 Chrome) (sec) | ABG2: J14.4-1289 (V2 Chrome) (sec) | ABH2: J14.4-1294 (V2 Chrome) (sec) | ABI2: J14.4-1299 (V2 Chrome) (sec) | ABJ2: J14.4-1304 (V2 Chrome) (sec) | ABK2: J14.4-1310 (V2 Chrome) (sec) | ABL2: J14.4-1316 (V2 Chrome) (sec) | ABM2: J14.4-1323 (V2 Chrome) (sec) | ABN2: J14.4-1329 (V2 Chrome) (sec) | ABO2: J14.4-1333 (V2 Chrome) (sec) | ABP2: J14.4-1337 (V2 Chrome) (sec) | ABQ2: J14.4_1341 (V2 Chrome) (sec) | ABR2: J14.4_1347 (V2 Chrome) (sec) | ABS2: J14.4_1360 (V2 Chrome) | ABT2: J14.4_1361 (V2 Chrome) (sec) | ABU2: J14.4_1365 (V2 Chrome) (sec) | ABV2: J14.4_1370 (V2 Chrome) (sec) | ABW2: J14.4_1374 (V2 Chrome) (sec) | ABX2: J14.4_1379 (V2 Chrome) (sec) | ABY2: J14.4_1384 (V2 Chrome) (sec) | ABZ2: J14.4_1394 (V2 Chrome) (sec) | ACA2: J14.4_1397 (V2 Chrome) (sec) | ACB2: J14.4_1401 (V2 Chrome) (sec) | ACC2: J14.4_1407 (V2 Chrome) (sec) | ACD2: J14.3_B070 (V2 Chrome) | ACE2: Mainline Whisky BRD (sec) | ACF2: J14.4_1414 (V2 Chrome) (sec) | ACG2: J15.1_1418 (V2 Chrome) (sec) | ACH2: J15.1_1421 (V2 Chrome) (sec) | ACI2: J15.1_1426 (V2 Chrome) (sec) | ACJ2: J15.1.42 | ACK2: Mainline Whisky BRD (sec) | ACL2: J16.2_B1538 | ACM2: J16.2_B1544 | ACN2: J16.2_B1550 | ACO2: J16.2_B1559 | ACP2: J16.2_B1562 | ACQ2: J16.2_B1562 | ACR2: J16.2_B1568 | ACS2: J16.2_B1614 | ACT2: J16.2_B1621 | ACU2: J16.2_B1627 | ACV2: J16.2_B1633 | ACW2: J16.2.1634 | ACX2: J16.2_B1640 | ACY2: J16.2_B1646 | ACZ2: Mainline Whisky BRD (sec) | ADB2: Dev. % | ADC2: Mainline 248 | ADD2: Mainline- 252 (sec) | ADE2: Mainline- 282 (sec) | ADF2: Mainline- 291 (sec) | ADG2: Mainline- 310 (sec) | ADH2: Mainline- 375 (sec) | ADI2: J11.1.1_001(sec) | ADJ2: NOV Cognac BRD (sec) | ADK2: J12.3 - 495 (sec) | ADL2: J12.3 - 503 (sec) | ADM2: J12.3 - 509 (sec) | ADN2: J12.3 - 512 (sec) | ADO2: J12.3 - 518 (sec) | ADP2: J12.3 - 525 (sec) | ADQ2: J12.3 - 531 (sec) | ADR2: SBR_25 | ADS2: JAN Cognac BRD (sec) | ADT2: J12.3 - 537 (sec) | ADU2: J13.1 - 547 (sec) | ADV2: J13.1 - 554 (sec) | ADW2: J13.1 - 558 (sec) | ADX2: J13.1 - 563 (sec) | ADY2: J13.1 - 568 (sec) | ADZ2: J13.1 - 571 (sec) | AEA2: J13.1 - 576 (sec) | AEB2: J13.1 - 584 (sec) | AEC2: J13.1 - 592 (sec) | AED2: J13.1 - 593 (sec) | AEE2: J13.1 - 620 (sec) | AEF2: J12.5_620 (sec) | AEG2: J13.1 - 637 (sec) | AEH2: J12.5 - 658 (sec) | AEI2: SBR_J12.4_42(sec) | AEJ2: June Cognac BRD (sec) | AEK2: J12.6 - 683 (sec) | AEL2: J12.6 - 692 (sec) | AEM2: J12.6 - 696 (sec) | AEN2: J12.6 - 703 (sec) | AEO2: J12.6 - 705 (sec) | AEP2: J12.6 - 710 (sec) | AEQ2: J12.6 - 717 (sec) | AER2: J12.6 - 723 (sec) | AES2: J13.1 - 727 (sec) | AET2: J13.1 - 734 (sec) | AEU2: SBR_1205_B042 (sec) | AEV2: 1205_B042 (sec)(old num) | AEW2: Mainline Cognac BRD (sec) | AEX2: Mainline Cognac BRD (open scenarios change)(sec) | AEY2: J13.1 - 738 (sec) | AEZ2: J13.2 - 748 (sec) | AFA2: J13.2 - 753 (sec) | AFB2: J13.2 - 759 (sec) | AFC2: J13.2 - 764 (sec) | AFD2: J13.2 -770 (sec) | AFE2: J13.2 -776 (sec) | AFF2: J13.2 - 785 (sec) | AFG2: J13.2 - 782 (sec) | AFH2: J13.2 - 789 (sec) | AFI2: 1301_B037 (sec) | AFJ2: Mainline Oct Cognac BRD (sec) | AFK2: J13.3-798 (sec) | AFL2: J13.3-801 (sec) | AFM2: J13.3-804 (sec) | AFN2: J13.3-808 (sec) | AFO2: J13.3-809 (sec) | AFP2: J13.3-815 (sec) | AFQ2: J13.3-822 (sec) | AFR2: J13.3-829 (sec) | AFS2: J13.3-835 (sec) | AFT2: J13.3-842 (sec) | AFU2: 1302_B039 (sec) | AFV2: Mainline Cognac BRD (sec) | AFW2: J13.4-849 (sec) | AFX2: J13.4-858 (sec) | AFY2: J13.4-862 (sec) | AFZ2: J13.4.866 | AGA2: J13.4-868 (sec) | AGB2: J13.4-877 (sec) | AGC2: J13.4-882 (sec) | AGD2: 1303_B033 (sec) | AGE2: february Cognac BRD (sec) | AGF2: J13.5-896 (sec) | AGG2: J13.5-900 (sec) | AGH2: J13.5-904 (sec) | AGI2: J13.5-908 (sec) | AGJ2: J13.5-913 (sec) | AGK2: J13.5-917 (sec) | AGL2: J13.5.918 | AGM2: J13.5-923 (sec) | AGN2: J13.5-928 (sec) | AGO2: SBR_026 (sec) | AGP2: April Cognac BRD (sec) | AGQ2: J13.6_933 | AGR2: J13.6_939 | AGS2: J13.6_946 | AGT2: J13.6_952 | AGU2: J13.6_958 | AGV2: J13.6_963 | AGW2: J13.6_969 | AGX2: J13.6_973 | AGY2: J13.6_975 | AGZ2: J13.6_980 | AHA2: J13.6_984 | AHB2: SBR_029 | AHC2: Mainline Cognac BRD (sec) | AHD2: June_994 | AHE2: J13.7.1000 | AHF2: J13.7.1006 | AHG2: J13.7.1008 | AHH2: J13.7.1012(Java UI) | AHI2: J13.7.1018 (Decanter UI) | AHJ2: J13.7.1029 (Decanter UI) | AHK2: J13.7.1032 (Decanter UI) | AHL2: J13.7.1038 (Decanter UI) | AHM2: J13.7.1044 (Decanter UI) | AHN2: J13.7.1050 (Decanter UI) | AHO2: J13.6_B040 | AHP2: Mainline Cognac BRD (sec) | AHQ2: J13.7.1056 (Decanter UI) | AHR2: J13.7.1062 (Decanter UI) | AHS2: J13.7.1068 (Decanter UI) | AHT2: J13.7.1074 (Decanter UI) | AHU2: J13.7.1080 (Decanter UI) | AHV2: J13.7.1084 (Decanter UI) | AHW2: J13.7.1091 (Decanter UI) | AHX2: J13.7.1094 | AHY2: J13.7.1097 (Decanter UI) | AHZ2: J13.7_1100 (Decanter UI) | AIA2: J13.6_B040 | AIB2: Mainline Cognac BRD (sec) | AIC2: J14.1.1106 | AID2: J14.1-1109 (sec) | AIE2: J14.1-1115 (sec) | AIF2: J14.1-1121 (sec) | AIG2: J14.1-1127 (sec) | AIH2: J14.1-1134 (sec) | AII2: J14.1-1139 (sec) | AIJ2: J14.1_1140 | AIK2: J14.1-1145 (sec) | AIL2: J14.1-1148 (sec) | AIM2: J13.7_B075 (sec) | AIN2: Mainline Cognac BRD (sec) | AIO2: J14.2_1157 | AIP2: J14.2-1158 (sec) | AIQ2: J14.2-1162 (sec) | AIR2: J14.2-1167 (sec) | AIS2: J14.2-1171 (sec) | AIT2: J14.2-1177 (sec) | AIU2: J14.2-1183 (sec) | AIV2: J14.2-1189 (sec) | AIW2: J14.2-1195 (sec) | AIX2: J14.2_1196 | AIY2: J14.2-1199 (sec) | AIZ2: J14.2-1205 (sec) | AJA2: J14.2_1207 | AJB2: J14.2-1213 (sec) | AJC2: J14.1_B030 | AJD2: Mainline Cognac BRD (sec) | AJE2: J14.3-1219 (sec) | AJF2: J14.3-1225 (sec) | AJG2: J14.3-1230 (V1 Chrome) (sec) | AJH2: J14.3_1233 | AJI2: J14.3-1236 (V1 Chrome) (sec) | AJJ2: J14.3-1240 (V1 Chrome) (sec) | AJK2: J14.3-1246 (V2 Chrome) (sec) | AJL2: J14.3-1251 (V2 Chrome) (sec) | AJM2: J14.3-1258 (V2 Chrome) (sec) | AJN2: J14.2.1260 (Chrome V2) | AJO2: J14.3-1264 (V2 Chrome) (sec) | AJP2: J14.3-1270 (V2 Chrome) (sec) | AJQ2: J14.2_B059 (V2 Chrome) | AJR2: Mainline Cognac BRD (sec) | AJS2: J14.4-1272 (V2 Chrome) (sec) | AJT2: J14.4_1273 (Chrome V2) | AJU2: J14.4-1278 (V2 Chrome) (sec) | AJV2: J14.4-1283 (V2 Chrome) (sec) | AJW2: J14.4_B1290 (V2 Chrome) (sec) | AJX2: J14.4-1290 (V2 Chrome) (sec) | AJY2: J14.4-1294 (V2 Chrome) (sec) | AJZ2: J14.4-1299 (V2 Chrome) (sec) | AKA2: J14.4-1304 (V2 Chrome) (sec) | AKB2: J14.4-1310 (V2 Chrome) (sec) | AKC2: J14.4-1316 (V2 Chrome) (sec) | AKD2: J14.4-1323 (V2 Chrome) (sec) | AKE2: J14.4-1329 (V2 Chrome) (sec) | AKF2: J14.4_1336 (V2 Chrome) (sec) | AKG2: J14.4_1341 (V2 Chrome) (sec) | AKH2: J14.4_1347 (V2 Chrome) (sec) | AKI2: J14.4_1361 (V2 Chrome) (sec) | AKJ2: J14.4_1365 (V2 Chrome) (sec) | AKK2: J14.4_1370 (V2 Chrome) (sec) | AKL2: J14.4_1374 (V2 Chrome) (sec) | AKM2: J14.4_1379 (V2 Chrome) (sec) | AKN2: J14.4_1383 (V2 Chrome) | AKO2: J14.4_1384 (V2 Chrome) (sec) | AKP2: J14.4_1394 (V2 Chrome) (sec) | AKQ2: J14.4_1401 (V2 Chrome) (sec) | AKR2: J14.4_1407 (V2 Chrome) (sec) | AKS2: J14.3_B070 (V2 Chrome) | AKT2: Mainline Cognac BRD (sec) | AKU2: J14.4_1414 (V2 Chrome) (sec) | AKV2: J15.1_1419 (V2 Chrome) (sec) | AKW2: J15.1_1421 (V2 Chrome) (sec) | AKX2: J15.1_1426 (V2 Chrome) (sec) | AKY2: J15.1.42 | AKZ2: Mainline Cognac BRD (sec) | ALA2: J16.2_B1538 | ALB2: J16.2_1550 | ALC2: J16.2_B1544 | ALD2: J16.2_B1550 | ALE2: J16.2_B1559 | ALF2: J16.2_B1562 | ALG2: J16.2_B1568 | ALH2: J16.2_B1614 | ALI2: J16.2_B1621 | ALJ2: J16.2_B1627 | ALK2: J16.2_B1633 | ALL2: J16.2_B1640 | ALM2: J16.2_B1646 | ALN2: Mainline Cognac BRD (sec) | ALO2: J16.3_B1670 | ALP2: J16.3_B1680 | ALQ2: J16.3_1682 | ALR2: J16.3_B1686 | ALS2: J16.2.1_B031 | ALT2: Mainline Cognac BRD (sec) | ALU2: 16.4_ | ALV2: Dev% | ALW2: Mainline 217 | ALX2: Mainline- 253 (sec) | ALY2: Mainline- 254 (sec) | ALZ2: Mainline- 282 (sec) | AMA2: Mainline- 291 (sec) | AMB2: Mainline- 306 (sec) | AMC2: Mainline- 375 (sec) | AMD2: J11.1.1_001(sec) | AME2: NOV Moonshine BRD Target (sec) | AMF2: J12.3 - 495 (sec) | AMG2: J12.3 - 504 (sec) | AMH2: J12.3 - 509 (sec) | AMI2: J12.3 - 512 (sec) | AMJ2: J12.3 - 518 (sec) | AMK2: J12.3 - 525 (sec) | AML2: J12.3 - 531 (sec) | AMM2: SBR_25 | AMN2: JAN Moonshine BRD Target (sec) | AMO2: J12.3 - 537 (sec) | AMP2: J13.1 - 544(sec) | AMQ2: J13.1 - 547 (sec) | AMR2: J13.1 - 554 (sec) | AMS2: J13.1 - 560 (sec) | AMT2: J13.1 - 568 (sec) | AMU2: J13.1 - 571 (sec) | AMV2: J13.1 - 576 (sec) | AMW2: J13.1 - 584 (sec) | AMX2: J13.1 - 593 (sec) | AMY2: J13.1 - 620 (sec) | AMZ2: J13.1 - 637 (sec) | ANA2: J12.5 - 645 (sec) | ANB2: J12.5 - 658 (sec) | ANC2: SBR_J12.4_42(sec) | AND2: June_ Moonshine BRD Target (sec) | ANE2: J12.6 - 683 (sec) | ANF2: J12.6 - 692 (sec) | ANG2: J12.6 - 696 (sec) | ANH2: J12.6 - 703 (sec) | ANI2: J12.6 - 710 (sec) | ANJ2: J12.6 - 717 (sec) | ANK2: J12.6 - 720 (sec) | ANL2: J12.6 - 723 (sec) | ANM2: J13.1 - 727 (sec) | ANN2: J13.1 - 734 (sec) | ANO2: 1205_B041 (sec)(old num) | ANP2: Mainline Moonshine BRD Target (sec) | ANQ2: SBR_1205_B041 (sec) | ANR2: Mainline Moonshine BRD Target (open scenarios change)(sec) | ANS2: J13.1 - 738 (sec) | ANT2: J13.2 - 748 (sec) | ANU2: J13.2 - 753 (sec) | ANV2: J13.2 - 759 (sec) | ANW2: J13.2 - 764 (sec) | ANX2: J13.2 -770 (sec) | ANY2: J13.2 -776 (sec) | ANZ2: J13.2_777 | AOA2: J13.2 - 782 (sec) | AOB2: J13.2 - 789 (sec) | AOC2: 1301_B037 (sec) | AOD2: Mainline Oct Moonshine BRD Target (sec) | AOE2: J13.3-798 (sec) | AOF2: J13.3-801 (sec) | AOG2: J13.3-804 (sec) | AOH2: J13.3-809 (sec) | AOI2: J13.3_821 | AOJ2: J13.3-815 (sec) | AOK2: J13.3-822 (sec) | AOL2: J13.3-829 (sec) | AOM2: J13.3-835 (sec) | AON2: J13.3-842 (sec) | AOO2: 1302_B039 (sec) | AOP2: Mainline Moonshine BRD Target (sec) | AOQ2: J13.4-849 (sec) | AOR2: J13.4-858 (sec) | AOS2: J13.4-860 | AOT2: J13.4-862 (sec) | AOU2: J13.4-868 (sec) | AOV2: J13.4-877 (sec) | AOW2: J13.4-882 (sec) | AOX2: J13.4-883 (sec) | AOY2: 1303_B033 (sec) | AOZ2: February Moonshine BRD Target (sec) | APA2: J13.5-896 (sec) | APB2: J13.5-900 (sec) | APC2: J13.5-908 (sec) | APD2: J13.5-913 (sec) | APE2: J13.5-917 (sec) | APF2: J13.5.919 | APG2: J13.5-923 (sec) | APH2: J13.5-928 (sec) | API2: SBR_026 (sec) | APJ2: April Moonshine BRD Target (sec) | APK2: J13.6_933 | APL2: J13.6_939 | APM2: J13.6_946 | APN2: J13.6_948 | APO2: J13.6_952 | APP2: J13.6_958 | APQ2: J13.6_963 | APR2: J13.6_969 | APS2: J13.6_973 | APT2: J13.6_975 | APU2: J13.6_980 | APV2: J13.6_984 | APW2: SBR_029 | APX2: Mainline Moonshine BRD Target (sec) | APY2: June_994 | APZ2: J13.7.1000 | AQA2: J13.7.1006 | AQB2: J13.7.1014(Decanter UI) | AQC2: J13.7.1012(Java UI) | AQD2: J13.7.1018 (Decanter UI) | AQE2: J13.7.1029 (Decanter UI) | AQF2: J13.7.1032 (Decanter UI) | AQG2: J13.7.1038 (Decanter UI) | AQH2: J13.7.1044 (Decanter UI) | AQI2: J13.7.1050 (Decanter UI) | AQJ2: J13.6_B040 | AQK2: Mainline Moonshine BRD Target (sec) | AQL2: J13.7.1056 (Decanter UI) | AQM2: J13.7.1062 (Decanter UI) | AQN2: J13.7.1068 (Decanter UI) | AQO2: J13.7.1074 (Decanter UI) | AQP2: J13.7.1081 (Decanter UI) | AQQ2: J13.7.1080 (Decanter UI) | AQR2: J13.7.1084 (Decanter UI) | AQS2: J13.7.1091 (Decanter UI) | AQT2: J13.7.1097 (Decanter UI) | AQU2: J13.7_1100 (Decanter UI) | AQV2: J13.6_B040 | AQW2: Mainline Moonshine BRD Target (sec) | AQX2: J14.1-1109 (sec) | AQY2: J14.1-1115 (sec) | AQZ2: J14.1_1118 | ARA2: J14.1-1121 (sec) | ARB2: J14.1-1127 (sec) | ARC2: J14.1-1134 (sec) | ARD2: J14.1-1139 (sec) | ARE2: J14.1-1145 (sec) | ARF2: J14.1-1148 (sec) | ARG2: J13.7_B075 (sec) | ARH2: Mainline Moonshine BRD Target (sec) | ARI2: J14.2-1158 (sec) | ARJ2: J14.2-1161 (sec) | ARK2: J14.2-1167 (sec) | ARL2: J14.2-1171 (sec) | ARM2: J14.2-1177 (sec) | ARN2: J14.2-1183 (sec) | ARO2: J14.2-1185 (sec) | ARP2: J14.2-1189 (sec) | ARQ2: J14.2-1195 (sec) | ARR2: J14.2-1199 (sec) | ARS2: J14.2-1205 (sec) | ART2: J14.2-1213 (sec) | ARU2: J14.1_B030 | ARV2: Mainline Moonshine BRD Target (sec) | ARW2: J14.3-1219 (sec) | ARX2: J14.3-1225 (sec) | ARY2: J14.3-1230 (V1 Chrome) (sec) | ARZ2: J14.3-1236 (V1 Chrome) (sec) | ASA2: J14.3-1240 (V1 Chrome) (sec) | ASB2: J14.3_1243 (Chrome V1) | ASC2: J14.3-1246 (V2 Chrome) (sec) | ASD2: J14.3-1251 (V2 Chrome) (sec) | ASE2: J14.3-1258 (V2 Chrome) (sec) | ASF2: J14.3-1264 (V2 Chrome) (sec) | ASG2: J14.3-1270 (V2 Chrome) (sec) | ASH2: J14.2_B059 (V2 Chrome) | ASI2: Mainline Moonshine BRD Target (sec) | ASJ2: J14.4-1272 (V2 Chrome) (sec) | ASK2: J14.4-1278 (V2 Chrome) (sec) | ASL2: J14.4.1282 (V2 Chrome) | ASM2: J14.4-1283 (V2 Chrome) (sec) | ASN2: J14.4-1289 (V2 Chrome) (sec) | ASO2: J14.4-1294 (V2 Chrome) (sec) | ASP2: J14.4-1299 (V2 Chrome) (sec) | ASQ2: J14.4-1304 (V2 Chrome) (sec) | ASR2: J14.4-1310 (V2 Chrome) (sec) | ASS2: J14.4_1314 (V2 Chrome) (sec) | AST2: J14.4_1316 (V2 Chrome) (sec) | ASU2: J14.4_1323 (V2 Chrome) (sec) | ASV2: J14.4_1325 (V2 Chrome) (sec) | ASW2: J14.4_1329 (V2 Chrome) (sec) | ASX2: J14.4_1336 (V2 Chrome) (sec) | ASY2: J14.4_1341 (V2 Chrome) (sec) | ASZ2: J14.4_1347 (V2 Chrome) (sec) | ATA2: J14.4_1356 (V2 Chrome) | ATB2: J14.4_1361 (V2 Chrome) (sec) | ATC2: J14.4_1365 (V2 Chrome) (sec) | ATD2: J14.4_1368 (V2 Chrome) (sec) | ATE2: J14.4_1374 (V2 Chrome) (sec) | ATF2: J14.4_1379 (V2 Chrome) (sec) | ATG2: J14.4_1384 (V2 Chrome) (sec) | ATH2: J14.4_1391 (V2 Chrome) (sec) | ATI2: J14.4_1394 (V2 Chrome) (sec) | ATJ2: J14.4_1402 (V2 Chrome) (sec) | ATK2: J14.4_1407 (V2 Chrome) (sec) | ATL2: J14.3_B070 (V2 Chrome) | ATM2: Mainline Moonshine BRD Target (sec) | ATN2: J14.4_1414 (V2 Chrome) (sec) | ATO2: J15.1_1418 (V2 Chrome) (sec) | ATP2: J15.1_1421 (V2 Chrome) (sec) | ATQ2: J15.1_1426 (V2 Chrome) (sec) | ATR2: J15.1_42 | ATS2: Mainline Moonshine BRD Target (sec) | ATT2: J16.2_B1538 | ATU2: J16.2_B1544 | ATV2: J16.2_B1550 | ATW2: J16.2_B1559 | ATX2: J16.2_B1562 | ATY2: J16.2_B1568 | ATZ2: J16.2_B1570 | AUA2: J16.2_B1614 | AUB2: J16.2_B1621 | AUC2: J16.2_B1624 | AUD2: J16.2_B1635 | AUE2: J16.2_B1640 | AUF2: J16.2_B1646 | AUG2: Mainline Moonshine BRD Target (sec) | AUH2: J16.3_B1670 | AUI2: J16.3_B1680 | AUJ2: J16.3_B1686 | AUK2: J16.3_B1692 | AUL2: J16.3_1693 | AUM2: J16.3_B1696 | AUN2: J16.3_B1704 | AUO2: J16.2.1_B031 | AUP2: Mainline Moonshine BRD Target (sec) | AUQ2: J16.4_B1714_1720 | AUR2: 16.4_1724 | AUS2: 16.4_1725 | AUT2: 16.4_1729 | AUU2: 16.4_1736 | AUV2: 16.4_1743 | AUW2: 16.4_1751 | AUX2: Mainline Moonshine BRD Target (sec) | AUY2: J16.5_1765 | AUZ2: J16.5_1772 | AVA2: J16.5_1779 | AVB2: J16.5_1786_1787 | AVD2: J16.5_1803 | AVE2: J16.5_1808 | AVF2: 16.4_B055 | AVG2: Mainline Moonshine BRD Target (sec) | AVH2: J16.6_1816 | AVI2: J16.6_1821 | AVJ2: J16.6_1828 | AVK2: J16.6_1832 - 1834 | AVL2: J16.6_1837 | AVM2: J16.6_1841 | AVN2: J16.6_1849 -1850 | AVO2: J16.6_1856 | AVP2: J16.6_1859 | AVQ2: J16.6_1863 | AVR2: J16.5_B042 | AVS2: Mainline Moonshine BRD Target (sec) J5.15.1.1.B003 | AVT2: J16.7_1912 | AVU2: J16.7_1918 | AVV2: J16.7_1923 | AVW2: J16.6_B030 | AVX2: Mainline Moonshine BRD Target | AVY2: J16.8_1939 | AVZ2: J16.8_1943 | AWA2: J16.8_1948 | AWB2: J16.8_1955 | AWC2: J16.8_1962 | AWD2: J16.7_020 | AWE2: Mainline Moonshine BRD Target | AWF2: J16.9_1976 | AWG2: J16.9_1981 | AWH2: J16.9_1990 | AWI2: J16.9_1993 | AWJ2: J16.9_1997 | AWK2: J16.9_2013 | AWL2: J16.8_014 | AWM2: Mainline Moonshine BRD Target | AWN2: J16.10_2040 (KRPP)with RP OFF | AWO2: J16.10_2047 KRPP | AWP2: J16.10_2048 KRPP | AWQ2: J16.10_2051 (KRPP)with RP OFF | AWR2: J16.10_B2058 (KRPP)with RP OFF | AWS2: J16.10_2066 (JAVA) | AWT2: J16.10_B2066 (KRPP)with RP OFF | AWU2: J16.10_B021 (KRPP)with RP OFF | AWV2: J16.10_B021 (JAVA) | AWW2: Mainline Moonshine BRD Target | AWX2: J16.22_B2108 (KRPP)with RP OFF | AWY2: J16.22_B2114 (KRPP)with RP OFF | AWZ2: J17.1_B2120 (KRPP)with RP OFF | AXA2: J17.1_B2128 (KRPP)with RP OFF | AXB2: J17.1_B2134 (KRPP)with RP OFF | AXC2: J17.1_B2138 (JAVA) | AXD2: J17.1_B2141 (KRPP)with RP OFF | AXE2: J17.1_B2148 (KRPP)with RP OFF | AXF2: J16.21_B037 (KRPP)with RP OFF | AXG2: Mainline Moonshine BRD Target | AXH2: J17.2_B2164 (KRPP)with RP OFF | AXI2: J17.2_B2166 | AXJ2: J17.2_B2166 (JAVA) | AXK2: J17.2_B2171 (KRPP)with RP OFF | AXL2: J17.2_B2174 (KRPP) | AXM2: Mainline Moonshine BRD Target | AXN2: J17.3_B2192 (KRPP)with RP OFF | AXO2: J17.3_B2198 (KRPP)with RP OFF | AXP2: J17.3_B2211 (KRPP)with RP OFF | AXQ2: J17.3_B2219 (KRPP)with RP OFF | AXR2: J17.3_B2223 (KRPP)with RP OFF | AXS2: J17.3_B2230 (KRPP)with RP OFF | AXT2: J17.3_B2231 (KRPP)with RP OFF | AXU2: J17.3_B2238 (KRPP)with RP OFF | AXV2: J17.3_B2245 (KRPP)with RP OFF | AXW2: J17.3_B2246 (KRPP) | AXX2: J17.3_B2252 (KRPP)with RP OFF | AXY2: J18.1_B2262 (KRPP)with RP OFF | AXZ2: J18.1_B2265 (KRPP)with RP OFF | AYA2: J18.1_B2267 (KRPP)with RP OFF | AYB2: J18.1_B2271 (KRPP)with RP OFF | AYC2: J18.1_B2273 (KRPP)with RP OFF | AYD2: 18.1_B2275 | AYE2: J18.1_B2279 (KRPP)with RP OFF | AYF2: J18.1_B2285 (KRPP)with RP OFF | AYG2: J18.1_B2291 (KRPP)with RP OFF | AYH2: J18.1_B2297 (KRPP)with RP OFF | AYI2: J18.1_B2300 | AYJ2: J18.1_B2304 (KRPP)with RP OFF | AYK2: J18.1_B2307 (KRPP)with RP OFF | AYL2: J18.1_B2311 (KRPP)with RP OFF | AYM2: J18.1_B2313 KRPP | AYN2: J18.1_B2318 (KRPP)with RP OFF | AYO2: J18.2_B2322 KRPP | AYP2: Dev% | AYQ2: Mainline- 310 (sec) | AYR2: Mainline- 375 (sec) | AYS2: J11.1.1_001(sec) | AYT2: NOV Jaeger BRD Target (sec) | AYU2: J12.3 - 495 (sec) | AYV2: J12.3 - 504 (sec) | AYW2: J12.3 - 509 (sec) | AYX2: J12.3 - 512 (sec) | AYY2: J12.3 - 518 (sec) | AYZ2: J12.3 - 525 (sec) | AZA2: J12.3 - 526 (sec) | AZB2: J12.3 - 531 (sec) | AZC2: SBR_25 | AZD2: JAN Jaeger BRD Target (sec) | AZE2: J12.3 - 537 (sec) | AZF2: J13.1 - 547 (sec) | AZG2: J13.1 - 554 (sec) | AZH2: J13.1 - 560 (sec) | AZI2: J13.1 - 568 (sec) | AZJ2: J13.1 - 571 (sec) | AZK2: J13.1 - 576 (sec) | AZL2: J13.1 - 584 (sec) | AZM2: J13.1 - 593 (sec) | AZN2: J13.1 - 618 (sec) | AZO2: J13.1 - 624 (sec) | AZP2: J13.1 - 637 (sec) | AZQ2: J12.5 - 658 (sec) | AZR2: SBR_J12.4_42(sec) | AZS2: June_ Jaeger BRD Target (sec) | AZT2: J12.6 - 683 (sec) | AZU2: J12.6 - 692 (sec) | AZV2: J12.6 - 696 (sec) | AZW2: J12.6 - 703 (sec) | AZX2: J12.6 - 710 (sec) | AZY2: J12.6 - 717 (sec) | AZZ2: J12.6 - 723 (sec) | BAA2: J13.1 - 727 (sec) | BAB2: J13.1 - 734 (sec) | BAC2: 1205_B041 (sec)(old num) | BAD2: Mainline Jaeger BRD Target (sec) | BAE2: SBR_1205_B041 (sec) | BAF2: Mainline Jaeger BRD Target (open scenarios change)(sec) | BAG2: J13.1 - 738 (sec) | BAH2: J13.2 - 748 (sec) | BAI2: J13.2 - 753 (sec) | BAJ2: J13.2 - 759 (sec) | BAK2: J13.2 - 764 (sec) | BAL2: J13.2 -771 (sec) | BAM2: J13.2 -776 (sec) | BAN2: J13.2 - 782 (sec) | BAO2: J13.2 - 789 (sec) | BAP2: 1301_B037 (sec) | BAQ2: Mainline Oct Jaeger BRD Target (sec) | BAR2: J13.3-798 (sec) | BAS2: J13.3-801 (sec) | BAT2: J13.3-804 (sec) | BAU2: J13.3-809 (sec) | BAV2: J13.3-815 (sec) | BAW2: J13.3-822 (sec) | BAX2: J13.3-829 (sec) | BAY2: J13.3_834 | BAZ2: J13.3-835 (sec) | BBA2: J13.3-842 (sec) | BBB2: 1302_B039 (sec) | BBC2: Mainline Jaeger BRD Target (sec) | BBD2: J13.4-849 (sec) | BBE2: J13.4_851 | BBF2: J13.4-858 (sec) | BBG2: J13.4-862 (sec) | BBH2: J13.4.866 | BBI2: J13.4-868 (sec) | BBJ2: J13.4-877 (sec) | BBK2: J13.4-882 (sec) | BBL2: J13.4_883 | BBM2: 1303_B033 (sec) | BBN2: February Jaeger BRD Target (sec) | BBO2: J13.5-896 (sec) | BBP2: J13.5_897 | BBQ2: J13.5-900 (sec) | BBR2: J13.5-908 (sec) | BBS2: J13.5-913 (sec) | BBT2: J13.5-917 (sec) | BBU2: J13.5-923 (sec) | BBV2: J13.5-928 (sec) | BBW2: SBR_026 (sec) | BBX2: April Jaeger BRD Target (sec) | BBY2: J13.6_933 | BBZ2: J13.6_939 | BCA2: J13.6_946 | BCB2: J13.6_950 | BCC2: J13.6_958 | BCD2: J13.6.954 | BCE2: J13.6_963 | BCF2: J13.6_969 | BCG2: J13.6_975 | BCH2: J13.6_980 | BCI2: J13.6_984 | BCJ2: SBR029 | BCK2: Mainline Jaeger BRD Target (sec) | BCL2: June_994 | BCM2: J13.7.1000 | BCN2: J13.7.1001 | BCO2: J13.7.1006 | BCP2: J13.7.1012(Java UI) | BCQ2: J13.7.1018 (Decanter UI) | BCR2: J13.7.1019Decanter UI) | BCS2: J13.7.1029 (Decanter UI) | BCT2: J13.7.1032 (Decanter UI) | BCU2: J13.7.1038 (Decanter UI) | BCV2: J13.7.1044 (Decanter UI) | BCW2: J13.7.1050 (Decanter UI) | BCX2: J13.6_B040 | BCY2: Mainline Jaeger BRD Target (sec) | BCZ2: J13.7.1056 (Decanter UI) | BDA2: J13.7.1062 (Decanter UI) | BDB2: J13.7_1063 | BDC2: J13.7.1068 (Decanter UI) | BDD2: J13.7.1074 (Decanter UI) | BDE2: J13.7.1080 (Decanter UI) | BDF2: J13.7.1084 (Decanter UI) | BDG2: J13.7.1091 (Decanter UI) | BDH2: J13.7.1097 (Decanter UI) | BDI2: J13.7_1100 (Decanter UI) | BDJ2: J13.6_B040 | BDK2: Mainline Jaeger BRD Target (sec) | BDL2: J14.1.1106 | BDM2: J14.1-1109 (sec) | BDN2: J14.1-1115 (sec) | BDO2: J14.1-1121 (sec) | BDP2: J14.1-1127 (sec) | BDQ2: J14.1-1134 (sec) | BDR2: J14.1-1139 (sec) | BDS2: J14.1-1145 (sec) | BDT2: J14.1-1148 (sec) | BDU2: J14.1_1155 (sec) | BDV2: J13.7_B075 (sec) | BDW2: Mainline Jaeger BRD Target (sec) | BDX2: J14.2-1158 (sec) | BDY2: J14.2-1162 (sec) | BDZ2: J14.2-1167 (sec) | BEA2: J14.2-1171 (sec) | BEB2: J14.2-1173 | BEC2: J14.2-1177 (sec) | BED2: J14.2-1183 (sec) | BEE2: J14.2-1189 (sec) | BEF2: J14.2-1195 (sec) | BEG2: J14.2-1199 (sec) | BEH2: J14.2-1205 (sec) | BEI2: J14.2-1213 (sec) | BEJ2: J14.1_B030 | BEK2: Mainline Jaeger BRD Target (sec) | BEL2: J14.3-1219 (sec) | BEM2: J14.3-1225 (sec) | BEN2: J14.3-1230 (V1 Chrome) (sec) | BEO2: J14.3-1236 (V1 Chrome) (sec) | BEP2: J14.3-1240 (V1 Chrome) (sec) | BEQ2: J14.3-1246 (V2 Chrome) (sec) | BER2: J14.3-1248 (V2 Chrome) (sec) | BES2: J14.3-1251 (V2 Chrome) (sec) | BET2: J14.3-1258 (V2 Chrome) (sec) | BEU2: J14.3-1264 (V2 Chrome) (sec) | BEV2: J14.3-1270 (V2 Chrome) (sec) | BEW2: J14.2_B059 (V2 Chrome) | BEX2: Mainline Jaeger BRD Target (sec) | BEY2: J14.4-1272 (V2 Chrome) (sec) | BEZ2: J14.4-1278 (V2 Chrome) (sec) | BFA2: J14.4-1283 (V2 Chrome) (sec) | BFB2: J14.4-1289 (V2 Chrome) (sec) | BFC2: J14.4-1294 (V2 Chrome) (sec) | BFD2: J14.4-1299 (V2 Chrome) (sec) | BFE2: J14.4-1304 (V2 Chrome) (sec) | BFF2: J14.4-1310 (V2 Chrome) (sec) | BFG2: J14.4_1316 (V2 Chrome) (sec) | BFH2: J14.4_1323 (V2 Chrome) (sec) | BFI2: J14.4_1329 (V2 Chrome) (sec) | BFJ2: J14.4_1336 (V2 Chrome) (sec) | BFK2: J14.4_1337 (V2 Chrome) (sec) | BFL2: J14.4_1341 (V2 Chrome) (sec) | BFM2: J14.4_1347 (V2 Chrome) (sec) | BFN2: J14.4_1361 (V2 Chrome) (sec) | BFO2: J14.4_1365 (V2 Chrome) (sec) | BFP2: J14.4_1368 (V2 Chrome) (sec) | BFQ2: J14.4_1374 (V2 Chrome) (sec) | BFR2: J14.4_1377 (V2 Chrome) (sec) | BFS2: J14.4_1379 (V2 Chrome) (sec) | BFT2: J14.4_1384 (V2 Chrome) (sec) | BFU2: J14.4_1394 (V2 Chrome) (sec) | BFV2: J14.4_1401 (V2 Chrome) (sec) | BFW2: J14.4_1407 (V2 Chrome) (sec) | BFX2: J14.3_B070 (V2 Chrome) | BFY2: Mainline Jaeger BRD Target (sec) | BFZ2: J14.4_1414 (V2 Chrome) (sec) | BGA2: J15.1_1419 (V2 Chrome) (sec) | BGB2: J15.1_1421 (V2 Chrome) (sec) | BGC2: J15.1_1426 (V2 Chrome) (sec) | BGD2: J5.15.1.B042 (With DRM update) | BGE2: Mainline Jaeger BRD Target (sec) | BGF2: J16.2_B1538 | BGG2: J16.2_B1541 | BGH2: J16.2_B1544 | BGI2: J16.2_B1550 | BGJ2: J16.2_B1559 | BGK2: J16.2_B1562 | BGL2: J16.2_B1568 | BGM2: J16.2_B1570 | BGN2: J16.2_B1614 | BGO2: J16.2.1615 | BGP2: J16.2_B1621 | BGQ2: J16.2_B1627 | BGR2: J16.2_B1633 | BGS2: J16.2_B1640 | BGT2: J16.2_B1646 | BGU2: Mainline Jaeger BRD Target (sec) | BGV2: J16.3_B1670 | BGW2: J16.3_1675 | BGX2: J16.3_B1680 | BGY2: J16.3_B1686 | BGZ2: J16.3_B1692 | BHA2: J16.3_B1696 | BHB2: J16.3_B1704 | BHC2: J16.2.1_B031 | BHD2: Mainline Jaeger BRD Target (sec) | BHE2: J16.4_B1714_1720 | BHF2: 16.4_1724 | BHG2: 16.4_1725 | BHH2: 16.4_1729 | BHI2: 16.4_1736 | BHJ2: 16.4_1743 | BHK2: 16.4_1750 | BHL2: Mainline Jaeger BRD Target (sec) | BHM2: J16.5_1765 | BHN2: J16.5_1772 | BHO2: J16.5_1779 | BHP2: J16.5_1786_1787 | BHQ2: J16.5_1787 | BHR2: J16.5_1808 | BHS2: 16.4_B055 | BHT2: Mainline Jaeger BRD Target (sec) | BHU2: J16.6_1816 | BHV2: J16.6_1821 | BHW2: J16.6_1828 | BHX2: J16.6_1832 - 1834 | BHY2: J16.6_1841 | BHZ2: J16.6_1849 -1850 | BIA2: J16.6_1856 | BIB2: J16.6_1863 | BIC2: J16.5_B042 | BID2: Mainline Jaeger BRD Target (sec) J5.15.1.1.B003 | BIE2: J16.7_1912 | BIF2: J16.7_1918 | BIG2: J16.7_1923 | BIH2: J16.6_B030 | BII2: Mainline Jaeger BRD Target (sec) | BIJ2: J16.8_1939 | BIK2: J16.8_1943 | BIL2: J16.8_1948 | BIM2: J16.8_1955 | BIN2: J16.8_1962 | BIO2: J16.7_020 | BIP2: Mainline Jaeger BRD Target (sec) | BIQ2: J16.9_1976 | BIR2: J16.9_1981 | BIS2: J16.9_1990 | BIT2: J16.9_1997 | BIU2: J16.9_2008 | BIV2: J16.9_2013 | BIW2: J16.8_014 | BIX2: Mainline Jaeger BRD Target (sec) | BIY2: J16.10_2040 (KRPP)with RP OFF | BIZ2: J16.10_2047 KRPP | BJA2: J16.10_2048 KRPP | BJB2: J16.10_2051 (KRPP)with RP OFF | BJC2: J16.10_B2058 (KRPP)with RP OFF | BJD2: J16.10_2065 (JAVA) | BJE2: J16.10_B2065 (KRPP)with RP OFF | BJF2: J16.10_B021 (KRPP)with RP OFF | BJG2: J16.10_B021 (JAVA) | BJH2: Mainline Jaeger BRD Target (sec) | BJI2: J16.22_B2108 (KRPP)with RP OFF | BJJ2: J16.22_B2114 (KRPP)with RP OFF | BJK2: J17.1_B2120 (KRPP)with RP OFF | BJL2: J17.1_B2128 (KRPP)with RP OFF | BJM2: J17.1_B2134 (KRPP)with RP OFF | BJN2: J17.1_B2138 (JAVA) | BJO2: J17.1_B2141 (KRPP)with RP OFF | BJP2: J17.1_B2148 (KRPP)with RP OFF | BJQ2: J16.21_B037 (KRPP)with RP OFF | BJR2: Mainline Jaeger BRD Target (sec) | BJS2: J17.2_B2164 (KRPP)with RP OFF | BJT2: J17.2_B2166 | BJU2: J17.2_B2166 (JAVA) | BJV2: J17.2_B2171 (KRPP)with RP OFF | BJW2: J17.2_B2174 | BJX2: Mainline Jaeger BRD Target (sec) | BJY2: J17.3_B2192 (KRPP)with RP OFF | BJZ2: J17.3_B2198 (KRPP)with RP OFF | BKA2: J17.3_B2211 (KRPP)with RP OFF | BKB2: J17.3_B2219 (KRPP)with RP OFF | BKC2: J17.3_B2223 (KRPP)with RP OFF | BKD2: J17.3_B2230 (KRPP)with RP OFF | BKE2: J17.3_B2231 (KRPP) | BKF2: J17.3_B2238 (KRPP)with RP OFF | BKG2: J17.3_B2245 (KRPP)with RP OFF | BKH2: J17.3_B2246 (KRPP) | BKI2: J17.3_B2252 (KRPP)with RP OFF | BKJ2: J18.1_B2262 (KRPP)with RP OFF | BKK2: J18.1_B2265 (KRPP)with RP OFF | BKL2: J18.1_B2267 (KRPP)with RP OFF | BKM2: J18.1_B2271 (KRPP)with RP OFF | BKN2: J18.1_B2273 (KRPP)with RP OFF | BKO2: 18.1_B2275 | BKP2: J18.1_B2279 (KRPP)with RP OFF | BKQ2: J18.1_B2285 (KRPP)with RP OFF | BKR2: J18.1_B2291 (KRPP)with RP OFF | BKS2: J18.1_B2297 (KRPP)with RP OFF | BKT2: J18.1_B2300 | BKU2: J18.1_B2304 (KRPP)with RP OFF | BKV2: J18.1_B2307 (KRPP)with RP OFF | BKW2: J18.1_B2311 (KRPP)with RP OFF | BKX2: J18.1_B2313 (KRPP) | BKY2: J18.1_B2318 (KRPP)with RP OFF | BKZ2: J18.2_B2322 (KRPP) | BLA2: Dev% | BLB2: Mainline-405 (sec) | BLC2: NOV Stinger BRD Target (sec) | BLD2: J12.3 - 490 (sec) | BLE2: J12.3 - 504 (sec) | BLF2: J12.3 - 509 (sec) | BLG2: J12.3 - 512 (sec) | BLH2: J12.3 - 518 (sec) | BLI2: J12.3 - 525 (sec) | BLJ2: J12.3 - 531 (sec) | BLK2: SBR_25 | BLL2: JAN Stinger BRD Target (sec) | BLM2: J12.3 - 537 (sec) | BLN2: J12.3 - 547 (sec) | BLO2: J13.1 - 549 (sec) | BLP2: J13.1 - 554 (sec) | BLQ2: J13.1 - 560 (sec) | BLR2: J13.1 - 568 (sec) | BLS2: J13.1 - 571(sec) | BLT2: J13.1 - 576 (sec) | BLU2: J13.1 - 583 (sec) | BLV2: J13.1 - 593 (sec) | BLW2: J13.1 - 620 (sec) | BLX2: J13.1 - 637 (sec) | BLY2: J12.5 - 658 (sec) | BLZ2: J12.5 - 673 (sec) | BMA2: SBR_J12.4_42(sec) | BMB2: Mainline Stinger BRD Target (sec) | BMC2: J12.6 - 683 (sec) | BMD2: J12.6 - 692 (sec) | BME2: J12.6 - 696 (sec) | BMF2: J12.6 - 703 (sec) | BMG2: J12.6 - 710 (sec) | BMH2: J12.6 - 716(sec) | BMI2: J12.6 - 717 (sec) | BMJ2: J12.6 - 723 (sec) | BMK2: J13.1 - 727 (sec) | BML2: J13.1 - 734 (sec) | BMM2: 1205_B042 (sec) | BMN2: Mainline Stinger BRD | BMO2: 1205_B042 (sec) | BMP2: Mainline Stinger BRD Target (open scenarios change)(sec) | BMQ2: J13.1 - 738 (sec) | BMR2: J13.2 - 748 (sec) | BMS2: J13.2 - 753 (sec) | BMT2: J13.2 - 759 (sec) | BMU2: J13.2 - 764 (sec) | BMV2: J13.2 -770 (sec) | BMW2: J13.2 -776 (sec) | BMX2: J13.2 - 782 (sec) | BMY2: J13.2 - 789 (sec) | BMZ2: 1301_B037 (sec) | BNA2: Oct 'Mainline BRD with Stinger | BNB2: J13.3-798 (sec) | BNC2: J13.3-801 (sec) | BND2: J13.3-804 (sec) | BNE2: J13.3-809 (sec) | BNF2: J13.3-814 (sec) | BNG2: J13.3-815 (sec) | BNH2: J13.3-822 (sec) | BNI2: J13.3-829 (sec) | BNJ2: J13.3-835 (sec) | BNK2: J13.3-842 (sec) | BNL2: 1302_B039 (sec) | BNM2: Mainline BRD with Stinger | BNN2: J13.4-849 (sec) | BNO2: J13.4-858 (sec) | BNP2: J13.4-860 (sec) | BNQ2: J13.4-862 (sec) | BNR2: J13.4-868 (sec) | BNS2: J13.4-877 (sec) | BNT2: J13.4-882 (sec) | BNU2: J13.4_883 | BNV2: 1303_B033 (sec) | BNW2: J13.3_33_New_Waveform | BNX2: February BRD with Stinger | BNY2: J13.5-896 (sec) | BNZ2: J13.5-900 (sec) | BOA2: J13.5-904 (sec) | BOB2: J13.5-908 (sec) | BOC2: J13.5-913 (sec) | BOD2: J13.5-917 (sec) | BOE2: J13.5-923 (sec) | BOF2: J13.5-924 (sec) | BOG2: J13.5-928 (sec) | BOH2: SBR_026 (sec) | BOI2: April BRD with Stinger | BOJ2: J13.6_933 | BOK2: J13.6_939 | BOL2: J13.6_946 | BOM2: J13.6_952 | BON2: J13.6_958 | BOO2: J13.6_963 | BOP2: J13.6_969 | BOQ2: J13.6_970 | BOR2: J13.6_975 | BOS2: J13.6_980 | BOT2: J13.6_984 | BOU2: SBR_029 | BOV2: Mainline BRD with Stinger | BOW2: J13.7.994 | BOX2: J13.7.1000 | BOY2: J13.7.1006 | BOZ2: J13.7.1012(Java UI) | BPA2: J13.7.1018 (Decanter UI) | BPB2: J13.7.1028 | BPC2: J13.7.1029 (Decanter UI) | BPD2: J13.7.1032 (Decanter UI) | BPE2: J13.7.1038 (Decanter UI) | BPF2: J13.7.1044 (Decanter UI) | BPG2: J13.7.1050 (Decanter UI) | BPH2: J13.6_B040 | BPI2: Mainline BRD with Stinger | BPJ2: J13.7.1056 (Decanter UI) | BPK2: J13.7.1062 (Decanter UI) | BPL2: J13.7.1068 (Decanter UI) | BPM2: J13.7.1074 (Decanter UI) | BPN2: J13.7.1080 (Decanter UI) | BPO2: J13.7.1084 (Decanter UI) | BPP2: J13.7.1091 (Decanter UI) | BPQ2: J13.7.1097 (Decanter UI) | BPR2: J13.7_1100 (Decanter UI) | BPS2: J13.6_B040 | BPT2: Mainline BRD with Stinger | BPU2: J14.1-1109 (sec) | BPV2: J14.1-1115 (sec) | BPW2: J14.1-1121 (sec) | BPX2: J14.1-1127 (sec) | BPY2: J14.1-1129 (sec) | BPZ2: J14.1-1134 (sec) | BQA2: J14.1-1139 (sec) | BQB2: J14.1-1145 (sec) | BQC2: J14.1-1148 (sec) | BQD2: J13.7_B075 (sec) | BQE2: Mainline BRD with Stinger | BQF2: J14.2-1158 (sec) | BQG2: J14.2-1162 (sec) | BQH2: J14.2-1167 (sec) | BQI2: J14.2-1171 (sec) | BQJ2: J14.2-1177 (sec) | BQK2: J14.2-1183 (sec) | BQL2: J14.2-1189 (sec) | BQM2: J14.2-1195 (sec) | BQN2: J14.2-1199 (sec) | BQO2: J14.2-1205 (sec) | BQP2: J14.2-1213 (sec) | BQQ2: J14.1_B030 | BQR2: Mainline BRD with Stinger | BQS2: J14.3-1219 (sec) | BQT2: J14.3-1220 (sec) | BQU2: J14.3-1225 (sec) | BQV2: J14.3-1230 (V1 Chrome) (sec) | BQW2: J14.3-1236 (V1 Chrome) (sec) | BQX2: J14.3-1240 (V1 Chrome) (sec) | BQY2: J14.3-1246 (V2 Chrome) (sec) | BQZ2: J14.3-1251 (V2 Chrome) (sec) | BRA2: J14.3-1258 (V2 Chrome) (sec) | BRB2: J14.3-1264 (V2 Chrome) (sec) | BRC2: J14.3-1270 (V2 Chrome) (sec) | BRD2: J14.2_B059 (V2 Chrome) | BRE2: Mainline BRD with Stinger | BRF2: J14.4-1272 (V2 Chrome) (sec) | BRG2: J14.4-1278 (V2 Chrome) (sec) | BRH2: J14.4-1283 (V2 Chrome) (sec) | BRI2: J14.4-1290 (V2 Chrome) (sec) | BRJ2: J14.4-1294 (V2 Chrome) (sec) | BRK2: J14.4-1299 (V2 Chrome) (sec) | BRL2: J14.4-1304 (V2 Chrome) (sec) | BRM2: J14.4-1310 (V2 Chrome) (sec) | BRN2: J14.4-1316 (V2 Chrome) (sec) | BRO2: J14.4_1323 (V2 Chrome) (sec) | BRP2: J14.4_1329 (V2 Chrome) (sec) | BRQ2: J14.4_1336 (V2 Chrome) (sec) | BRR2: J14.4_1338 (V2 Chrome) (sec) | BRS2: J14.4_1341 (V2 Chrome) (sec) | BRT2: J14.4_1347 (V2 Chrome) (sec) | BRU2: J14.4_1361 (V2 Chrome) (sec) | BRV2: J14.4_1365 (V2 Chrome) (sec) | BRW2: J14.4_1370 (V2 Chrome) (sec) | BRX2: J14.4_1373 (V2 Chrome) (sec) | BRY2: J14.4_1374 (V2 Chrome) (sec) | BRZ2: J14.4_1379 (V2 Chrome) (sec) | BSA2: J14.4_1384 (V2 Chrome) (sec) | BSB2: J14.4_1394 (V2 Chrome) (sec) | BSC2: J14.4_1401 (V2 Chrome) (sec) | BSD2: J14.4_1407 (V2 Chrome) (sec) | BSE2: J14.4_1410 (V2 Chrome) (sec) | BSF2: J14.3_B070 (V2 Chrome) | BSG2: Mainline BRD with Stinger | BSH2: J14.4_1414 (V2 Chrome) (sec) | BSI2: J15.1_1419 (V2 Chrome) (sec) | BSJ2: J15.1_1421 (V2 Chrome) (sec) | BSK2: J15.1_1426 (V2 Chrome) (sec) | BSL2: J5.15.1.B042 (With DRM update) | BSM2: Mainline BRD with Stinger | BSN2: J16.2_B1538 | BSO2: J16.2_B1541 | BSP2: J16.2_B1544 | BSQ2: J16.2_B1550 | BSR2: J16.2_B1559 | BSS2: J16.2_B1562 | BST2: J16.2_B1568 | BSU2: J16.2_B1571 | BSV2: J16.2_B1614 | BSW2: J16.2.1615 | BSX2: J16.2_B1621 | BSY2: J16.2_B1627 | BSZ2: J16.2_B1633 | BTA2: J16.2_B1640 | BTB2: J16.2_B1646 | BTC2: J16.2_B1647 | BTD2: Mainline BRD with Stinger | BTE2: J16.3_B1670 | BTF2: J16.3_1675 | BTG2: J16.3_B1680 | BTH2: J16.3_B1686 | BTI2: J16.3_B1692 | BTJ2: J16.3_B1696 | BTK2: J16.3_B1704 | BTL2: J16.2.1_B031 | BTM2: Mainline BRD with Stinger | BTN2: J16.4_B1714_1720 | BTO2: 16.4_1724 | BTP2: 16.4_1729 | BTQ2: J16.4.1731 | BTR2: 16.4_1736 | BTS2: 16.4_1743 | BTT2: Mainline BRD with Stinger | BTU2: J16.5_1765 | BTV2: J16.5_1772 | BTW2: J16.5_1779 | BTX2: J16.5_1786_1787 | BTY2: J16.5_1789 | BTZ2: J16.5_1808 | BUA2: 16.4_B055 | BUB2: Mainline BRD with Stinger | BUC2: J16.6_1816 | BUD2: J16.6_1821 | BUE2: J16.6_1828 | BUF2: J16.6_1832 - 1834 | BUG2: J16.6_1841 | BUH2: J16.6_1849 -1850 | BUI2: J16.6_1856 | BUJ2: J16.6_1863 | BUK2: J16.5_B042 | BUL2: Mainline BRD with Stinger J5.15.1.1.B003 | BUM2: J16.7_1912 | BUN2: J16.7_1918 | BUO2: J16.7_1923 | BUP2: J16.6_B030 | BUQ2: 'Mainline BRD with Stinger | BUR2: J16.8_1939 | BUS2: J16.8_1943 | BUT2: J16.8_1948 | BUU2: J16.8_1955 | BUV2: J16.8_1962 | BUW2: J16.7_020 | BUX2: 'Mainline BRD with Stinger | BUY2: J16.9_1976 | BUZ2: J16.9_1981 | BVA2: J16.9_1990 | BVB2: J16.9_1997 | BVC2: J16.9_2013 | BVD2: J16.8_014 | BVE2: 'Mainline BRD with Stinger | BVF2: J16.10_2040 (KRPP)with RP OFF | BVG2: J16.10_2047 KRPP | BVH2: J16.10_2048 KRPP | BVI2: J16.10_2051 (KRPP)with RP OFF | BVJ2: J16.10_B2058 (KRPP)with RP OFF | BVK2: J16.10_2065 (JAVA) | BVL2: J16.10_B2065 (KRPP)with RP OFF | BVM2: J16.10_B021 (KRPP)with RP OFF | BVN2: J16.10_B021 (JAVA) | BVO2: 'Mainline BRD with Stinger | BVP2: J16.22_B2108 (KRPP)with RP OFF | BVQ2: J16.22_B2114 (KRPP)with RP OFF | BVR2: J17.1_B2120 (KRPP)with RP OFF | BVS2: J17.1_B2128 (KRPP)with RP OFF | BVT2: J17.1_B2134 (KRPP)with RP OFF | BVU2: J17.1_B2138 (JAVA) | BVV2: J17.1_B2141 (KRPP)with RP OFF | BVW2: J17.1_B2148 (KRPP)with RP OFF | BVX2: J16.21_B037 (KRPP)with RP OFF | BVY2: 'Mainline BRD with Stinger | BVZ2: J17.2_B2164 (KRPP)with RP OFF | BWA2: J17.2_B2166 | BWB2: J17.2_B2166 (JAVA) | BWC2: J17.2_B2171 (KRPP)with RP OFF | BWD2: J17.2_B2174 | BWE2: 'Mainline BRD with Stinger | BWF2: J17.3_B2192 (KRPP)with RP OFF | BWG2: J17.3_B2198 (KRPP)with RP OFF | BWH2: J17.3_B2211 (KRPP)with RP OFF | BWI2: J17.3_B2219 (KRPP)with RP OFF | BWJ2: J17.3_B2223 (KRPP)with RP OFF | BWK2: J17.3_B2230 (KRPP)with RP OFF | BWL2: J17.3_B2231 (KRPP) | BWM2: J17.3_B2238 (KRPP)with RP OFF | BWN2: J17.3_B2245 (KRPP)with RP OFF | BWO2: J17.3_B2246 (KRPP) | BWP2: J17.3_B2252 (KRPP)with RP OFF | BWQ2: J18.1_B2262 (KRPP)with RP OFF | BWR2: J18.1_B2265 (KRPP)with RP OFF | BWS2: J18.1_B2267 (KRPP)with RP OFF | BWT2: J18.1_B2271(KRPP)with RP OFF | BWU2: J18.1_B2273 (KRPP)with RP OFF | BWV2: 18.1_B2275 | BWW2: J18.1_B2279 (KRPP)with RP OFF | BWX2: J18.1_B2285 (KRPP)with RP OFF | BWY2: J18.1_B2291 (KRPP)with RP OFF | BWZ2: J18.1_B2297 (KRPP)with RP OFF | BXA2: J18.1_B2300 | BXB2: J18.1_B2304 (KRPP)with RP OFF | BXC2: J18.1_B2307 (KRPP)with RP OFF | BXD2: J18.1_B2311 (KRPP)with RP OFF | BXE2: J18.1_B2313 (KRPP) | BXF2: J18.1_B2318 (KRPP)with RP OFF | BXG2: J17.1.0.3_B007 (KRPP)with RP OFF | BXH2: J18.2 Mainline BRD with Stinger | BXI2: J18.2_B2322 (KRPP) | BXJ2: J18.2_B2329 | BXK2: J18.2_B2333 (KRPP)with RP OFF | BXL2: J18.2_B2336 (KRPP)with RP OFF | BXM2: J18.2_B2341 (KRPP)with RP OFF | BXN2: J18.2_B2343 (KRPP)with RP OFF | BXO2: J18.2_B2347 (KRPP)with RP OFF | BXP2: J18.2_B2349 (KRPP)with RP OFF | BXQ2: J18.1_B025 | BXR2: J18.3 Mainline BRD with Stinger | BXS2: J18.3_B2364 | BXT2: J18.3_B2368 | BXU2: J18.3_B2370 | BXV2: J18.3_B2375 | BXW2: J18.3_B2377 | BXX2: J18.3_B2381 | BXY2: J18.3_B2390 | BXZ2: J18.3_B2392 | BYA2: J18.3_B2401 | BYB2: J18.2_B025 (KPP) | BYC2: J18.4 Mainline BRD with Stinger | BYD2: J18.4_2404 | BYE2: J18.4_2405 | BYF2: J18.4_B2410 | BYG2: J18.4_2418 | BYH2: J18.4_B2419 | BYI2: J18.4_B2428 | BYJ2: J18.4_2431 | BYK2: J18.4_B2436 | BYL2: J18.4_B2440 | BYM2: J18.4_2446 | BYN2: J18.4_2446 | BYO2: Dev% | BYP2: Mainline BRD with Malbec | BYQ2: J14.1-1127 (sec) | BYR2: J14.1-1134 (sec) | BYS2: J14.1-1135 | BYT2: J14.1-1138 (sec) | BYU2: J14.1-1145 (sec) | BYV2: J14.1-1148 (sec) | BYW2: J14.1-1155 (sec) | BYX2: Mainline BRD with Malbec | BYY2: J14.2-1158 (sec) | BYZ2: J14.2-1162 (sec) | BZA2: J14.2-1167 (sec) | BZB2: J14.2-1171 (sec) | BZC2: J14.2-1177 (sec) | BZD2: J14.2-1183 (sec) | BZE2: J14.2-1189 (sec) | BZF2: J14.2_1191 | BZG2: J14.2-1195 (sec) | BZH2: J14.2-1199 (sec) | BZI2: J14.2-1205 (sec) | BZJ2: J14.2-1213 (sec) | BZK2: J14.1_B031 | BZL2: Mainline BRD with Malbec | BZM2: J14.3-1219 (sec) | BZN2: J14.3-1225 (sec) | BZO2: J14.3-1230 (V1 Chrome) (sec) | BZP2: J14.3-1236 (V1 Chrome) (sec) | BZQ2: J14.3-1240 (V1 Chrome) (sec) | BZR2: J14.3-1246 (V2 Chrome) (sec) | BZS2: J14.3-1248 (V2 Chrome) (sec) | BZT2: J14.3-1251 (V2 Chrome) (sec) | BZU2: J14.3-1258 (V2 Chrome) (sec) | BZV2: J14.3-1264 (V2 Chrome) (sec) | BZW2: J14.3-1270 (V2 Chrome) (sec) | BZX2: J14.2_B060 (V2 Chrome) | BZY2: Mainline BRD with Malbec | BZZ2: J14.4-1272 (V2 Chrome) (sec) | CAA2: J14.4-1278 (V2 Chrome) (sec) | CAB2: J14.4-1283 (V2 Chrome) (sec) | CAC2: J14.4_1286 (V2 Chrome) | CAD2: J14.4-1290 (V2 Chrome) (sec) | CAE2: J14.4-1294 (V2 Chrome) (sec) | CAF2: J14.4-1299 (V2 Chrome) (sec) | CAG2: J14.4-1304 (V2 Chrome) (sec) | CAH2: J14.4-1310 (V2 Chrome) (sec) | CAI2: J14.4-1316 (V2 Chrome) (sec) | CAJ2: J14.4-1322 (V2 Chrome) (sec) | CAK2: J14.4_1323 (V2 Chrome) (sec) | CAL2: J14.4_1329 (V2 Chrome) (sec) | CAM2: J14.4_1337 (V2 Chrome) (sec) | CAN2: J14.4_1341 (V2 Chrome) (sec) | CAO2: J14.4_1347 (V2 Chrome) (sec) | CAP2: J14.4-1350 (V2 Chrome) | CAQ2: J14.4-1361 (V2 Chrome) | CAR2: J14.4-1365 (V2 Chrome) | CAS2: J14.4-1367 (V2 Chrome) | CAT2: J14.4-1368 (V2 Chrome) | CAU2: J14.4_1374 (V2 Chrome) (sec) | CAV2: J14.4_1379 (V2 Chrome) (sec) | CAW2: J14.4_1384 (V2 Chrome) (sec) | CAX2: J14.4_1394 (V2 Chrome) (sec) | CAY2: J14.4_1398 (V2 Chrome) (sec) | CAZ2: J14.4_1401 (V2 Chrome) (sec) | CBA2: J14.4_1407 (V2 Chrome) (sec) | CBB2: J14.3_B070 (V2 Chrome) | CBC2: Mainline BRD with Malbec | CBD2: J14.4_1414 (V2 Chrome) (sec) | CBE2: J15.1_1418 (V2 Chrome) (sec) | CBF2: J15.1_1421 (V2 Chrome) (sec) | CBG2: J15.1_1426 (V2 Chrome) (sec) | CBH2: J15.1_1428 (V2 Chrome) (sec) | CBI2: J5.15.1.B042 (With DRM update) | CBJ2: Mainline BRD with Malbec | CBK2: J16.2_B1538 | CBL2: J16.2_B1544 | CBM2: J16.2_B1550 | CBN2: J16.2_B1559 | CBO2: J16.2_B1562 | CBP2: J16.2_B1568 | CBQ2: J16.2_B1614 | CBR2: J16.2_B1621 | CBS2: J16.2_B1627 | CBT2: J16.2.1628 | CBU2: J16.2_B1633 | CBV2: J16.2_B1640 | CBW2: J16.2_B1646 | CBX2: Mainline BRD with Malbec | CBY2: J16.3_B1670 | CBZ2: J16.3_B1678 | CCA2: J16.3_1682 | CCB2: J16.3_B1686 | CCC2: J16.3_B1692 | CCD2: J16.3_B1696 | CCE2: J16.3_B1704 | CCF2: J16.2.1_B031 | CCG2: Mainline BRD with Malbec | CCH2: J16.4_B1714_1719 | CCI2: 16.4_1724 | CCJ2: 16.4_1729 | CCK2: J16.4.1733 | CCL2: 16.4_1736 | CCM2: 16.4_1743 | CCN2: Mainline BRD with Malbec | CCO2: J16.5_1765 | CCP2: J16.5_1772 | CCQ2: J16.5_1779 | CCR2: J16.5_1786 | CCS2: J16.5_1808 | CCT2: Mainline BRD with Malbec | CCU2: J16.6_1816 | CCV2: J16.6_1821 | CCW2: J16.6_1828 | CCX2: J16.6_1832 - 1834 | CCY2: J16.6_1841 | CCZ2: J16.6_1849 -1850 | CDA2: J16.6_1852 | CDB2: J16.6_1856 | CDC2: J16.6_1863 | CDD2: J16.5_B042 | CDE2: Mainline BRD with Malbec J5.15.1.1.B003 | CDF2: J16.7_1912 | CDG2: J16.7_1914 | CDH2: J16.7_1918 | CDI2: J16.7_1923 | CDJ2: J16.6_B030 | CDK2: Mainline BRD with Malbec | CDL2: J16.8_1939 | CDM2: J16.8_1943 | CDN2: J16.8_1948 | CDO2: J16.8_1955 | CDP2: J16.8_1962 | CDQ2: J16.7_020 | CDR2: Mainline BRD with Malbec | CDS2: J16.9_1976 | CDT2: J16.9_1981 | CDU2: J16.9_1990 | CDV2: J16.9_1997 | CDW2: J16.9_2013 | CDX2: J16.8_014 | CDY2: Mainline BRD with Malbec | CDZ2: J16.10_2040 (KRPP)with RP OFF | CEA2: J16.10_2047 KRPP | CEB2: J16.10_2048 KRPP | CEC2: J16.10_2051 (KRPP)with RP OFF | CED2: J16.10_B2058 (KRPP)with RP OFF | CEE2: J16.10_2065 (JAVA) | CEF2: J16.10_B2065 (KRPP)with RP OFF | CEG2: J16.10_B021 (KRPP)with RP OFF | CEH2: J16.10_B021 (JAVA) | CEI2: Mainline BRD with Malbec | CEJ2: J16.22_B2108 (KRPP)with RP OFF | CEK2: J16.22_B2113 (KRPP)with RP OFF | CEL2: J17.1_B2120 (KRPP)with RP OFF | CEM2: J17.1_B2128 (KRPP)with RP OFF | CEN2: J17.1_B2134 (KRPP)with RP OFF | CEO2: J17.1_B2138 (JAVA) | CEP2: J17.1_B2141 (KRPP)with RP OFF | CEQ2: J17.1_B2148 (KRPP)with RP OFF | CER2: J16.21_B037 (KRPP)with RP OFF | CES2: Mainline BRD with Malbec | CET2: J17.2_B2164 (KRPP)with RP OFF | CEU2: J17.2_B2166 | CEV2: J17.2_B2166 (JAVA) | CEW2: J17.2_B2171 (KRPP)with RP OFF | CEX2: J17.2_B2174 | CEY2: Mainline BRD with Malbec | CEZ2: J17.3_B2192 (KRPP)with RP OFF | CFA2: J17.3_B2198 (KRPP)with RP OFF | CFB2: J17.3_B2211 (KRPP)with RP OFF | CFC2: J17.3_B2219 (KRPP)with RP OFF | CFD2: J17.3_B2223 (KRPP)with RP OFF | CFE2: J17.3_B2230 (KRPP)with RP OFF | CFF2: J17.3_B2231 (KRPP) | CFG2: J17.3_B2238 (KRPP)with RP OFF | CFH2: J17.3_B2245 (KRPP)with RP OFF | CFI2: J17.3_B2246 (KRPP) | CFJ2: J17.3_B2252 (KRPP)with RP OFF | CFK2: J18.1_B2262 (KRPP)with RP OFF | CFL2: J18.1_B2265 (KRPP)with RP OFF | CFM2: J18.1_B2267 (KRPP)with RP OFF | CFN2: J18.1_B2271 (KRPP)with RP OFF | CFO2: J18.1_B2273 (KRPP)with RP OFF | CFP2: 18.1_B2275 | CFQ2: J18.1_B2279 (KRPP)with RP OFF | CFR2: J18.1_B2282 (KRPP) | CFS2: J18.1_B2285 (KRPP)with RP OFF | CFT2: J18.1_B2291 (KRPP)with RP OFF | CFU2: J18.1_B2297 (KRPP)with RP OFF | CFV2: J18.1_B2300 | CFW2: J18.1_B2304 (KRPP)with RP OFF | CFX2: J18.1_B2307 (KRPP)with RP OFF | CFY2: J18.1_B2311 (KRPP)with RP OFF | CFZ2: J18.1_B2313 (KRPP) | CGA2: J18.1_B2318 (KRPP)with RP OFF | CGB2: J17.1.0.3_B007 (KRPP)with RP OFF | CGC2: J18.2 Mainline BRD with Malbec | CGD2: J18.2_B2322 (KRPP) | CGE2: J18.2_B2329 | CGF2: J18.2_B2333 (KRPP)with RP OFF | CGG2: J18.2_B2336 (KRPP)with RP OFF | CGH2: J18.2_B2341 (KRPP)with RP OFF | CGI2: J18.2_B2343 (KRPP)with RP OFF | CGJ2: J18.2_B2347 (KRPP)with RP OFF | CGK2: J18.2_B2349 (KRPP)with RP OFF | CGL2: J18.1_B025 | CGM2: J18.3 Mainline BRD with Malbec | CGN2: J18.3_B2364 | CGO2: J18.3_B2368 | CGP2: J18.3_B2370 | CGQ2: J18.3_B2375 | CGR2: J18.3_B2377 | CGS2: J18.3_B2381 | CGT2: J18.3_B2390 | CGU2: J18.3_B2392 | CGV2: J18.3_B2401 | CGW2: J18.2_B025 (KPP) | CGX2: J18.4 Mainline BRD with Malbec | CGY2: J18.4_2404 | CGZ2: J18.4_2405 | CHA2: J18.4_B2410 | CHB2: J18.4_B2419 | CHC2: J18.4_2418 | CHD2: J18.4_B2428 | CHE2: J18.4_2433 | CHF2: J18.4_B2436 | CHG2: J18.4_B2440 | CHH2: J18.4_2446 | CHI2: J18.4_2446 | CHJ2: J18.3_B029 | CHK2: J18.5 Mainline BRD with Malbec | CHL2: J18.5_2456 | CHM2: J18.5_B2457 | CHN2: J18.5_2460 | CHO2: J18.5_2466 | CHP2: J18.5_2480 | CHQ2: J18.5_2488 | CHR2: J18.4_B022 | CHS2: J18.6 Mainline BRD with Malbec | CHT2: J18.6_B2492 | CHU2: J18.6_B2497 | CHV2: J18.6_B2505 | CHW2: J18.6_B2513 | CHX2: J18.6_2518 | CHY2: J18.6_B2525 | CHZ2: J18.6_B041 | CIA2: J19.2 Mainline BRD with Malbec | CIB2: J19.2_2616 | CIC2: J19.2_2624 | CID2: J19.2_2632 | CIE2: J19.2_2637 | CIF2: J19.2_B2638 | CIG2: J19.2_2646 | CIH2: J19.2_2657 | CII2: J19.2_2655 | CIJ2: J18.6_B041 | CIK2: J19.3 Mainline BRD with Malbec | CIL2: J19.3_B2664 | CIM2: J19.3_B2672 | CIN2: Dev% | CIO2: Mainline BRD with Cava | CIP2: J15.1_1419 (V2 Chrome) (sec) | CIQ2: J15.1_ B1421 (V2 Chrome) (sec) | CIR2: J15.1_ B1426 (V2 Chrome) | CIS2: J15.1_1428 (Chrome V2) | CIT2: J5.15.1.B042 (With DRM update) | CIU2: Mainline BRD with Cava | CIV2: J16.2_B1538 | CIW2: J16.2_B1544 | CIX2: J16.2_B1547 | CIY2: J16.2_B1550 | CIZ2: J16.2_B1559 | CJA2: J16.2_B1562 | CJB2: J16.2_B1568 | CJC2: J16.2_B1614 | CJD2: J16.2_B1621 | CJE2: J16.2_B1627 | CJF2: J16.2_B1633 | CJG2: J16.2_B1640 | CJH2: J16.2_B1646 | CJI2: Mainline BRD with Malbec | CJJ2: J16.3_B1670 | CJK2: J16.3_B1680 | CJL2: J16.3_1682 | CJM2: J16.3_B1686 | CJN2: J16.3_B1692 | CJO2: J16.3_B1696 | CJP2: J16.3_B1704 | CJQ2: J16.2.1_B031 | CJR2: Mainline BRD with Cava | CJS2: J16.4_B1714_1720 | CJT2: 16.4_1724 | CJU2: 16.4_1729 | CJV2: 16.4_1736 | CJW2: 16.4_1738 | CJX2: 16.4_1743 | CJY2: 16.4_1750 | CJZ2: Mainline BRD with Cava | CKA2: J16.5_1765 | CKB2: J16.5_1772 | CKC2: J16.5_1774 | CKD2: J16.5_1779 | CKE2: J16.5_1786_1787 | CKF2: J16.5_1808 | CKG2: J16.5_1810 | CKH2: 16.4_B055 | CKI2: Mainline BRD with Cava | CKJ2: J16.6_1816 | CKK2: J16.6_1821 | CKL2: J16.6_1828 | CKM2: J16.6_1832 - 1834 | CKN2: J16.6_1841 | CKO2: J16.6_1849 -1850 | CKP2: J16.6_1856 | CKQ2: J16.6_1863 | CKR2: J16.6_1864 | CKS2: J16.5_B042 | CKT2: Mainline BRD with Cava J5.15.1.1.B003 | CKU2: J16.7_1912 | CKV2: J16.7_1918 | CKW2: J16.7_1923 | CKX2: J16.6_B030 | CKY2: Mainline BRD with Cava | CKZ2: J16.8_1939 | CLA2: J16.8_1943 | CLB2: J16.8_1948 | CLC2: J16.8_1955 | CLD2: J16.8_1962 | CLE2: J16.7_020 | CLF2: Mainline BRD with Cava | CLG2: J16.9_1976 | CLH2: J16.9_1981 | CLI2: J16.9_1984 | CLJ2: J16.9_1990 | CLK2: J16.9_1997 | CLL2: J16.9_2013 | CLM2: J16.8_014 | CLN2: Mainline BRD with Cava | CLO2: J16.10_2040 (KRPP)with RP OFF | CLP2: J16.10_2047 KRPP | CLQ2: J16.10_2048 KRPP | CLR2: J16.10_2051 (KRPP)with RP OFF | CLS2: J16.10_B2058 (KRPP)with RP OFF | CLT2: J16.10_2065 (JAVA) | CLU2: J16.10_B2065 (KRPP)with RP OFF | CLV2: J16.10_B021 (KRPP)with RP OFF | CLW2: J16.10_B021 (JAVA) | CLX2: Mainline BRD with Cava | CLY2: J16.22_B2108 (KRPP)with RP OFF | CLZ2: J16.22_B2114 (KRPP)with RP OFF | CMA2: J17.1_B2120 (KRPP)with RP OFF | CMB2: J17.1_B2128 (KRPP)with RP OFF | CMC2: J17.1_B2134 (KRPP)with RP OFF | CMD2: J17.1_B2138 (JAVA) | CME2: J17.1_B2141 (KRPP)with RP OFF | CMF2: J17.1_B2148 (KRPP)with RP OFF | CMG2: J16.21_B037 (KRPP)with RP OFF | CMH2: Mainline BRD with Cava | CMI2: J17.2_B2164 (KRPP)with RP OFF | CMJ2: J17.2_B2166 | CMK2: J17.2_B2166 (JAVA) | CML2: J17.2_B2171 (KRPP)with RP OFF | CMM2: J17.2_B2174 | CMN2: Mainline BRD with Cava | CMO2: J17.3_B2192 (KRPP)with RP OFF | CMP2: J17.3_B2198 (KRPP)with RP OFF | CMQ2: J17.3_B2211 (KRPP)with RP OFF | CMR2: J17.3_B2219 (KRPP)with RP OFF | CMS2: J17.3_B2223 (KRPP)with RP OFF | CMT2: J17.3_B2230 (KRPP)with RP OFF | CMU2: J17.3_B2231 (KRPP) | CMV2: J17.3_B2238 (KRPP)with RP OFF | CMW2: J17.3_B2245 (KRPP)with RP OFF | CMX2: J17.3_B2246 (KRPP) | CMY2: J17.3_B2252 (KRPP)with RP OFF | CMZ2: J18.1_B2262 (KRPP)with RP OFF | CNA2: J18.1_B2265 (KRPP)with RP OFF | CNB2: J18.1_B2267 (KRPP)with RP OFF | CNC2: J18.1_B2271 (KRPP)with RP OFF | CND2: J18.1_B2273 (KRPP)with RP OFF | CNE2: 18.1_B2275 | CNF2: J18.1_B2279 (KRPP)with RP OFF | CNG2: J18.1_B2282 (KRPP) | CNH2: J18.1_B2285 (KRPP)with RP OFF | CNI2: J18.1_B2291 (KRPP)with RP OFF | CNJ2: J18.1_B2297 (KRPP)with RP OFF | CNK2: J18.1_B2300 | CNL2: J18.1_B2304 (KRPP)with RP OFF | CNM2: J18.1_B2307 (KRPP)with RP OFF | CNN2: J18.1_B2311 (KRPP)with RP OFF | CNO2: J18.1_B2311 (KRPP) | CNP2: J18.1_B2318 (KRPP)with RP OFF | CNQ2: J17.1.0.3_B007 (KRPP)with RP OFF | CNR2: J18.2 Mainline BRD with Cava | CNS2: J18.2_B2322 (KRPP) | CNT2: J18.2_B2329 | CNU2: J18.2_B2333 (KRPP)with RP OFF | CNV2: J18.2_B2336 (KRPP)with RP OFF | CNW2: J18.2_B2341 (KRPP)with RP OFF | CNX2: J18.2_B2343 (KRPP)with RP OFF | CNY2: J18.2_B2347 (KRPP)with RP OFF | CNZ2: J18.2_B2349 (KRPP)with RP OFF | COA2: J18.1_B025 | COB2: J18.3 Mainline BRD with Cava | COC2: J18.3_B2364 | COD2: J18.3_B2368 | COE2: J18.3_B2370 | COF2: J18.3_B2375 | COG2: J18.3_B2377 | COH2: J18.3_B2381 | COI2: J18.3_B2390 | COJ2: J18.3_B2392 | COK2: J18.3_B2341 | COL2: J18.2_B025 (KPP) | COM2: J18.4 Mainline BRD with Cava | CON2: J18.4_2404 | COO2: J18.4_2405 | COP2: J18.4_B2410 | COQ2: J18.4_B2419 | COR2: J18.4_2418 | COS2: J18.4_B2428 | COT2: J18.4_2433 | COU2: J18.4_B2436 | COV2: J18.4_B2440 | COW2: J18.4_2446 | COX2: J18.4_2446 | COY2: J18.3_B029 | COZ2: J18.5 Mainline BRD with Cava | CPA2: J18.5_2454 | CPB2: J18.5_B2457 | CPC2: J18.5_2460 | CPD2: J18.5_2466 | CPE2: J18.5_2472 | CPF2: J18.5_2480 | CPG2: J18.5_2488 | CPH2: J18.4_B022 | CPI2: J18.6 Mainline BRD with Cava | CPJ2: J18.6_B2492 | CPK2: J18.6_B2497 | CPL2: J18.6_B2505 | CPM2: J18.6_B2513 | CPN2: J18.6_2518 | CPO2: J18.6_B2525 | CPP2: J18.6_B041 | CPQ2: J19.2 Mainline BRD with Cava | CPR2: J19.2_2616 | CPS2: J19.2_2624 | CPT2: J19.2_2632 | CPU2: J19.2_2637 | CPV2: J19.2_B2638 | CPW2: J19.2_2646 | CPX2: J19.2_2657 | CPY2: J19.2_2655 | CPZ2: J18.6_B041 | CQA2: J19.3 Mainline BRD with Cava | CQB2: J19.3_B2664 | CQC2: J19.3_B2672 | CQD2: Dev% | CQE2: Barolo Guardrail (= Malbec + 10%) | CQF2: J16.1_B052 | CQG2: Mainline BRD with Barolo | CQH2: J16.2_B1538 | CQI2: J16.2_B1544 | CQJ2: J16.2_B1547 | CQK2: J16.2_B1550 | CQL2: J16.2_B1559 | CQM2: J16.2_B1562 | CQN2: J16.2_B1568 | CQO2: J16.1.2_B094 | CQP2: Mainline BRD with Barolo | CQQ2: J16.2_B1614 | CQR2: J16.2_B1621 | CQS2: J16.2_B1627 | CQT2: J16.2_B1633 | CQU2: J16.2_B1640 | CQV2: J16.2_B1646 | CQW2: Mainline BRD with Barolo | CQX2: J16.3_B1670 | CQY2: J16.3_B1680 | CQZ2: J16.3_1682 | CRA2: J16.3_B1686 | CRB2: J16.3_B1692 | CRC2: J16.3_B1696 | CRD2: J16.3_B1703 | CRE2: J16.2_B027 | CRF2: Mainline BRD with Barolo | CRG2: J16.4_B1714_1720 | CRH2: 16.4_1733 | CRI2: 16.4_1736 | CRJ2: 16.4_1743 | CRK2: 16.4_1747 | CRL2: 16.4_1750 | CRM2: Mainline BRD with Barolo | CRN2: J16.5_1765 | CRO2: J16.5_1772 | CRP2: J16.5_1779 | CRQ2: J16.5_1786_1787 | CRR2: J16.5_1803 | CRS2: J16.5_1808 | CRT2: 16.4_B055 | CRU2: Mainline BRD with Barolo | CRV2: J16.6_1816 | CRW2: J16.6_1821 | CRX2: J16.6_1826 (EXT4) | CRY2: J16.6_1828 | CRZ2: J16.6_1832 - 1834 | CSA2: J16.6_1841 (VFAT) | CSB2: J16.6_1841 (EXT4) | CSC2: J16.6_1844 (VFAT) | CSD2: J16.6_1844 (EXT4) | CSE2: J16.6_1849 -1850 (VFAT) | CSF2: J16.6_1850 (EXT4) | CSG2: J16.6_1856 (VFAT) | CSH2: J16.6_1856 (EXT4) | CSI2: J16.6_1863 (VFAT) | CSJ2: J16.6_1863 (EXT4) | CSK2: J16.6_1864 (VFAT) | CSL2: J16.6_1864 (EXT4 with Encryption) | CSM2: J16.6_1864 (EXT4 with Non Encryption) | CSN2: J16.6_1856 (VFAT) | CSO2: J16.5_B042 (VFAT) | CSP2: Mainline BRD with Barolo J16.1.3_045 | CSQ2: J16.7_1912 (VFAT) | CSR2: J16.7_1912 EXT4 Encrypted | CSS2: J16.7_1918 (VFAT) | CST2: J16.7_1918 EXT4 Encrypted | CSU2: J16.7_1923 (VFAT) | CSV2: J16.7_1923 EXT4 Encrypted | CSW2: J16.7_1920 (VFAT) | CSX2: J16.7_1920 EXT4 Encrypted | CSY2: J16.7_1924 (VFAT) | CSZ2: J16.7_1924 EXT4 Encrypted | CTA2: J16.6_B030 (VFAT) | CTB2: J16.6_B030 (EXT4 with Encryption) | CTC2: Mainline BRD with Barolo | CTD2: J16.8_1939 (VFAT) | CTE2: J16.8_1943 (VFAT) | CTF2: J16.8_1943 (EXT4) | CTG2: J16.8_1948 (VFAT) | CTH2: J16.8_1948 (EXT4) | CTI2: J16.8_1955 (VFAT) | CTJ2: J16.8_1955 (EXT4) | CTK2: J16.8_1962 (VFAT) | CTL2: J16.8_1962 (EXT4) | CTM2: J16.7_B020 (VFAT) | CTN2: J16.7_B020 EXT4 Encrypted | CTO2: Mainline BRD with Barolo | CTP2: J16.9_1976 (VFAT) | CTQ2: J16.9_1976 (EXT4) | CTR2: J16.9_1981 (VFAT) | CTS2: J16.9_1981 (EXT4) | CTT2: J16.9_1990 (VFAT) | CTU2: J16.9_1990 (EXT4) | CTV2: J16.9_1993 (VFAT) | CTW2: J16.9_1993 (EXT4) | CTX2: J16.9_1997 (VFAT) | CTY2: J16.9_1997 (EXT4) | CTZ2: J16.9_2013 (VFAT) | CUA2: J16.9_2013 (EXT4) | CUB2: J16.8_014 (VFAT) | CUC2: J16.8_014 (EXT4) | CUD2: Mainline BRD with Barolo | CUE2: J16.10_2040 VFAT (JAVA) | CUF2: J16.10_2040 EXT4 (JAVA) | CUG2: J16.10_2040 VFAT (KRPP)with RP OFF | CUH2: J16.10_2040 EXT4 (KRPP)with RP OFF | CUI2: J16.10_2047 VFAT (KRPP)with RP OFF | CUJ2: J16.10_2047 EXT4 (KRPP)with RP OFF | CUK2: J16.10_2048 VFAT (KRPP)with RP OFF | CUL2: J16.10_2048 EXT4 (KRPP)with RP OFF | CUM2: J16.10_2051 VFAT (KRPP)with RP OFF | CUN2: J16.10_2051 EXT4 (Encryption) (KRPP)with RP OFF | CUO2: J16.10_2051 EXT4 (Non-Encryption) (KRPP)with RP OFF | CUP2: J16.10_2051 (VFAT) (JAVA) | CUQ2: J16.9_2051 (EXT4) Encryption JAVA | CUR2: J16.9_2051 (EXT4) Non- Encryption JAVA | CUS2: J16.10_B2058 VFAT (KRPP)with RP OFF | CUT2: J16.10_B2058 EXT4 (Encryption) (KRPP)with RP OFF | CUU2: J16.10_2065 JAVA (VFAT) | CUV2: J16.10_2065 JAVA (EXT4) | CUW2: J16.10_B2065 VFAT (KRPP)with RP OFF | CUX2: J16.10_B2065 EXT4 (Encryption) (KRPP)with RP OFF | CUY2: J16.10_B021 VFAT (KRPP)with RP OFF | CUZ2: J16.10_B021 EXT4 (Encryption) (KRPP)with RP OFF | CVA2: J16.10_B021 JAVA (VFAT) | CVB2: J16.10_B021 JAVA (EXT4) | CVC2: Mainline BRD with Barolo | CVD2: J16.22_B2108 VFAT (KRPP)with RP OFF | CVE2: J16.22_B2108 EXT4 (Encryption) (KRPP)with RP OFF | CVF2: J16.22_B2114 VFAT (KRPP)with RP OFF | CVG2: J16.22_B2114 EXT4 (Encryption) (KRPP)with RP OFF | CVH2: J17.1_B2120 VFAT (KRPP)with RP OFF | CVI2: J17.1_B2120 EXT4 (Encryption) (KRPP)with RP OFF | CVJ2: J17.1_B2128 VFAT (KRPP)with RP OFF (with toolbar) | CVK2: J17.1_B2128 EXT4 (KRPP)with RP OFF (with toolbar) | CVL2: J17.1_B2134 & 2135 VFAT (KRPP)with RP OFF (with toolbar) | CVM2: J17.1_B2134 & 2135 EXT4 (KRPP)with RP OFF (with toolbar) | CVN2: J17.1_B2138 JAVA (VFAT) | CVO2: J17.1_B2138 JAVA (EXT4) | CVP2: J17.1_B2141 VFAT (KRPP)with RP OFF (with toolbar) | CVQ2: J17.1_B2141 EXT4 (KRPP)with RP OFF (with toolbar) | CVR2: J17.1_B2148 VFAT (KRPP)with RP OFF (with toolbar) | CVS2: J17.1_B2148 EXT4 (KRPP)with RP OFF (with toolbar) | CVT2: J16.21_B037 VFAT (KRPP)with RP OFF | CVU2: J16.21_B037 EXT4 (Encryption) (KRPP)with RP OFF | CVV2: Mainline BRD with Barolo | CVW2: J17.2_B2164 VFAT (KRPP)with RP OFF (with toolbar) | CVX2: J17.2_B2164 EXT4 (KRPP)with RP OFF (with toolbar) | CVY2: J17.1_2166 VFAT | CVZ2: J17.1_2166 EXT4 | CWA2: J17.2_B2166 JAVA (VFAT) | CWB2: J17.2_B2166 JAVA (EXT4) | CWC2: J17.2_B2171 VFAT (KRPP)with RP OFF (with toolbar) | CWD2: J17.2_B2171 EXT4 (KRPP)with RP OFF (with toolbar) | CWE2: J17.2_B2174 VFAT (KRPP) | CWF2: J17.2_B2174 EXT4 (KRPP) | CWG2: Mainline BRD with Barolo | CWH2: J17.3_B2211 VFAT (KRPP)with RP OFF (with toolbar) | CWI2: J17.3_B2211 EXT4 (KRPP)with RP OFF (with toolbar) | CWJ2: J17.3_B2219 VFAT (KRPP)with RP OFF (with toolbar) | CWK2: J17.3_B2219 EXT4 (KRPP)with RP OFF (with toolbar) | CWL2: J17.3_B2223 VFAT (KRPP)with RP OFF (with toolbar) | CWM2: J17.3_B2223 EXT4 (KRPP)with RP OFF (with toolbar) | CWN2: J17.3_B2230 VFAT (KRPP)with RP OFF (with toolbar) | CWO2: J17.3_B2230 EXT4 (KRPP)with RP OFF (with toolbar) | CWP2: J17.3_B2231 (KRPP) VFAT | CWQ2: J17.3_B2231 (KRPP) EXT4 | CWR2: J17.3_B2238 VFAT (KRPP)with RP OFF (with toolbar) | CWS2: J17.3_B2238 EXT4 (KRPP)with RP OFF (with toolbar) | CWT2: J17.3_B2245 VFAT (KRPP)with RP OFF (with toolbar) | CWU2: J17.3_B2245 EXT4 (KRPP)with RP OFF (with toolbar) | CWV2: J17.3_B2246 (KRPP) VFAT | CWW2: J17.3_B2246 (KRPP) EXT4 | CWX2: J17.3_B2252 VFAT (KRPP)with RP OFF (with toolbar) | CWY2: J17.3_B2252 EXT4 (KRPP)with RP OFF (with toolbar) | CWZ2: J17.3_B2253 VFAT (KRPP)with RP OFF | CXA2: J17.3_B2253 EXT4 (KRPP)with RP OFF | CXB2: J18.1_B2262 VFAT (KRPP)with RP OFF | CXC2: J18.1_B2262 EXT4 (KRPP)with RP OFF | CXD2: J18.1_B2268 VFAT (KRPP)with RP OFF | CXE2: J18.1_B2268 EXT4 (KRPP)with RP OFF | CXF2: J18.1_B2273 VFAT (KRPP)with RP OFF | CXG2: J18.1_B2273 EXT4 (KRPP)with RP OFF | CXH2: J18.1_B2279 VFAT (KRPP)with RP OFF | CXI2: J18.1_B2279 EXT4 (KRPP)with RP OFF | CXJ2: J18.1_B2285 VFAT (KRPP)with RP OFF | CXK2: J18.1_B2285 EXT4 (KRPP)with RP OFF | CXL2: J18.1_B2291 VFAT (KRPP)with RP OFF | CXM2: J18.1_B2291 EXT4 (KRPP)with RP OFF | CXN2: J18.1_B2297 VFAT (KRPP)with RP OFF | CXO2: J18.1_B2297 EXT4 (KRPP)with RP OFF | CXP2: J18.1_B2304 VFAT (KRPP)with RP OFF | CXQ2: J18.1_B2304 EXT4 (KRPP)with RP OFF | CXR2: J18.1_B2307 VFAT (KRPP)with RP OFF | CXS2: J18.1_B2307 EXT4 (KRPP)with RP OFF | CXT2: J18.1_B2311 VFAT (KRPP)with RP OFF | CXU2: J18.1_B2311 EXT4 (KRPP)with RP OFF | CXV2: J18.1_B2313 VFAT | CXW2: J18.1_B2313EXT4 | CXX2: J18.1_B2318 VFAT | CXY2: J18.1_B2318 EXT4 | CXZ2: J17.3_B030 VFAT (without toolbar) | CYA2: J17.3_B030 EXT4 (without toolbar) | CYB2: J18.2 Mainline BRD with Barolo | CYC2: J18.2_B2322 VFAT | CYD2: J18.2_B2322 EXT4 | CYE2: J18.2_B2329 VFAT | CYF2: J18.2_B2329 EXT4 | CYG2: J18.2_B2333 VFAT | CYH2: J18.2_B2333 EXT4 | CYI2: J18.2_B2336 VFAT | CYJ2: J18.2_B2336 EXT4 | CYK2: J18.2_B2341 VFAT | CYL2: J18.2_B2341 EXT4 | CYM2: J18.2_B2343 VFAT | CYN2: J18.2_B2343 EXT4 | CYO2: J18.2_B2347 VFAT | CYP2: J18.2_B2347 EXT4 | CYQ2: J18.2_B2349 VFAT | CYR2: J18.2_B2349 EXT4 | CYS2: 'J18.1_B025 (VFAT) | CYT2: 'J18.1_B025 (EXT4) | CYU2: J18.3 Mainline BRD with Barolo | CYV2: 'J18.3_B2364 (VFAT) | CYW2: 'J18.3 B2364 (EXT4) | CYX2: J18.3_B2368 VFAT | CYY2: J18.3_B2368 EXT4 | CYZ2: J18.3_B2370 VFAT | CZA2: J18.3_B2370 EXT4 | CZB2: J18.3_B2375 VFAT | CZC2: J18.3_B2375 EXT4 | CZD2: J18.3_B2377 VFAT | CZE2: J18.3_B2377 EXT4 | CZF2: J18.3_B2381 VFAT | CZG2: J18.3_B2381 EXT4 | CZH2: J18.3_B2390 VFAT | CZI2: J18.3_B2390 EXT4 | CZJ2: J18.3_B2392 VFAT | CZK2: J18.3_B2392 EXT4 | CZL2: J18.3_B2401 VFAT | CZM2: J18.3_B2401 EXT4 | CZN2: J18.2_B025 VFAT | CZO2: J18.2_B025 EXT4 | CZP2: J18.4 Mainline BRD with Barolo | CZQ2: J18.4_2404 VFAT | CZR2: J18.4_2404 EXT4 | CZS2: J18.4_2405 VFAT | CZT2: J18.4_2405 EXT4 | CZU2: J18.4_B2410 VFAT | CZV2: J18.4_B2410 EXT4 | CZW2: J18.4_2418 VFAT | CZX2: J18.4_2418 EXT4 | CZY2: J18.4_B2419 VFAT | CZZ2: J18.4_B2419 EXT4 | DAA2: J18.4_B2428 VFAT | DAB2: J18.4_B2428 EXT4 | DAC2: J18.4_2433 VFAT | DAD2: J18.4_2433 EXT4 | DAE2: J18.4_B2436 VFAT | DAF2: J18.4_B2436 EXT4 | DAG2: J18.4_B2440 VFAT | DAH2: J18.4_B2440 EXT4 | DAI2: J18.4_2446 VFAT | DAJ2: J18.4_2446 EXT4 | DAK2: J18.4_2446 VFAT | DAL2: J18.4_2446 EXT4 | DAM2: J18.3_B029 (VFAT) | DAN2: J18.3_B029 (EXT4) | DAO2: J18.5 Mainline BRD with Barolo | DAP2: J18.5_2454 VFAT | DAQ2: J18.5_2454 EXT4 | DAR2: J18.5_B2457 (VFAT) | DAS2: J18.5_B2457 (EXT4) | DAT2: J18.5_2460 VFAT | DAU2: J18.5_2460 EXT4 | DAV2: J18.4_B022 VFAT | DAW2: J18.4_B022 EXT4 | DAX2: J18.6 Mainline BRD with Barolo | DAY2: J18.6_B2492 (VFAT) | DAZ2: J18.6_B2492 (EXT4) | DBA2: J18.5_2460 VFAT | DBB2: J18.5_2460 EXT4 | DBC2: J18.6_B2497 (VFAT) | DBD2: J18.6_B2497 (VFAT) | DBE2: J18.6_B2505 VFAT | DBF2: J18.6_B2505 EXT4 | DBG2: J18.6_B2513 VFAT | DBH2: J18.6_B2513 EXT4 | DBI2: J18.6_B2518 VFAT | DBJ2: J18.6_B2518 EXT4 | DBK2: J18.6_B2525 VFAT | DBL2: J18.6_B2525 EXT4 | DBM2: J18.6_B041 VFAT | DBN2: J18.6_B041 EXT4 | DBO2: J19.2 Mainline BRD with Barolo | DBP2: J19.2_2616 VFAT | DBQ2: J19.2_2616 EXT4 | DBR2: J19.2_2624 VFAT | DBS2: J19.2_2624 EXT4 | DBT2: J19.2_2632 VFAT | DBU2: J19.2_2632 EXT4 | DBV2: J19.2_2637 VFAT | DBW2: J19.2_2637 EXT4 | DBX2: J19.2_B2638 VFAT | DBY2: J19.2_B2638 EXT4 | DBZ2: J19.2_2646 VFAT | DCA2: J19.2_2646 EXT4 | DCB2: J19.2_2657 VFAT | DCC2: J19.2_2657 EXT4 | DCD2: J19.2_2655 VFAT | DCE2: J19.2_2655 EXT4 | DCF2: J18.6_B041 EXT4 | DCG2: J19.3 Mainline BRD with Barolo | DCH2: J19.3_B2664 VFAT | DCI2: J19.3_B2664 EXT4 | DCJ2: J19.3_B2672 VFAT | DCK2: J19.3_B2672 EXT4 | DCL2: J19.3_B2687 VFAT | DCM2: J19.3_B2687 EXT4 | DCN2: J19.3_B2690 VFAT | DCO2: J19.3_B2690 EXT4 | DCP2: Dev% (VFAT vs BRD) | DCQ2: Dev% (EXT4 with Encryption vs BRD) | DCR2: Dev% (EXT4 with Non Encryption vs BRD) | DCS2: Rossini BRD | DCT2: J16.22_B2108 (KRPP)with RP OFF | DCU2: J16.22_B2114 (KRPP)with RP OFF | DCV2: J17.1_B2120 (KRPP)with RP OFF | DCW2: J17.1_B2128 (KRPP)with RP OFF | DCX2: J17.1_B2134 (KRPP)with RP OFF | DCY2: J17.1_B2138 (JAVA) | DCZ2: J17.1_B2141 (KRPP)with RP OFF | DDA2: J17.1_B2148 (KRPP)with RP OFF | DDB2: J16.21_B037 (KRPP)with RP OFF | DDC2: Rossini BRD | DDD2: J17.2_B2164 (KRPP)with RP OFF | DDE2: J17.1_2166 | DDF2: J17.2_B2166 (JAVA) | DDG2: J17.2_B2171 (KRPP)with RP OFF | DDH2: J17.2_B2174 | DDI2: Rossini BRD | DDJ2: Rossini BRD (JAVA) | DDK2: J17.3_B2192 (KRPP)with RP OFF | DDL2: J17.3_B2198 (KRPP)with RP OFF | DDM2: J17.3_B2211 (JAVA) | DDN2: J17.3_B2219 (KRPP)with RP OFF | DDO2: J17.3_B2223 (KRPP)with RP OFF | DDP2: J17.3_B2230 (KRPP)with RP OFF | DDQ2: J17.3_B2231 (KRPP) | DDR2: J17.3_B2238 (KRPP)with RP OFF | DDS2: J17.3_B2240 (Java) | DDT2: J17.3_B2245 (Java) | DDU2: J17.3_B2245 (KRPP)with RP OFF | DDV2: J17.3_B2246 (JAVA) | DDW2: J17.3_B2252 (KRPP)with RP OFF | DDX2: J17.3_B2255 (JAVA) | DDY2: J18.1_B2262 (KRPP)with RP OFF | DDZ2: J17.3_B2262 (JAVA) | DEA2: J18.1_B2265 (JAVA) | DEB2: J18.1_B2267 (KRPP)with RP OFF | DEC2: J18.1_B2268 (JAVA) | DED2: J18.1_B2271 (JAVA) | DEE2: J18.1_B2271 (KRPP) | DEF2: J18.1_B2273 (JAVA) | DEG2: J18.1_B2273 (KRPP)with RP OFF | DEH2: 18.1_B2275 Java | DEI2: 18.1_B2275 KRPP | DEJ2: J18.1_B2279 (KRPP)with RP OFF | DEK2: J18.1_B2279 (JAVA) | DEL2: 18.1_B2282 Java | DEM2: 18.1_B2282 KRPP | DEN2: J18.1_B2285 (JAVA) | DEO2: J18.1_B2285 (KRPP)with RP OFF | DEP2: J18.1_2291 KRPP | DEQ2: J18.1_B2291 (JAVA) | DER2: J18.1_B2297 (KRPP)with RP OFF | DES2: J18.1_B2297 (JAVA) | DET2: J18.1_B2300 (JAVA) | DEU2: J18.1_B2300 (KRPP) | DEV2: J18.1_B2304 (KRPP)with RP OFF | DEW2: J18.1_B2305 (JAVA) | DEX2: J18.1_B2307 (KRPP)with RP OFF | DEY2: J18.1_B2307 (JAVA) | DEZ2: J18.1_B2311 (JAVA) | DFA2: J18.1_B2311 (KRPP)with RP OFF | DFB2: J18.1_B2313 (JAVA) | DFC2: J18.1_B2313 (KRPP) | DFD2: J18.1_B2318 (JAVA) | DFE2: J18.1_B2318 (KRPP)with RP OFF | DFF2: J17.1.0.4_B007 (JAVA) | DFG2: J18.2 Mainline BRD with Rossini | DFH2: J18.2_B2322 (JAVA) | DFI2: J18.2_B2322 (KRPP) | DFJ2: J18.2_B2329 (JAVA) | DFK2: J18.2_B2329 (KRPP) | DFL2: J18.2_B2333 (KRPP)with RP OFF | DFM2: J18.2_B2336 (JAVA) | DFN2: J18.2_B2336 (KRPP) | DFO2: J18.2_B2341 (KRPP)with RP OFF | DFP2: J18.2_B2343 (JAVA) | DFQ2: J18.2_B2343 (KRPP) | DFR2: J18.2_B2347 (KRPP)with RP OFF | DFS2: J18.2_B2349 (JAVA) | DFT2: J18.2_B2349 (KRPP) | DFU2: J18.1_B025 (JAVA) | DFV2: 'J18.1_B025 (KRPP) | DFW2: J18.2 Java Mainline BRD with Rossini | DFX2: J18.2 KRPP Mainline BRD with Rossini | DFY2: J18.3_B2364 (Java) | DFZ2: J18.3_B2364 (KRPP) | DGA2: J18.3_B2368 (KRPP) | DGB2: J18.3_B2370 (KRPP) | DGC2: J18.3_B2375 (KRPP) | DGD2: J18.3_B2377 (KRPP) | DGE2: J18.3_B2381 (KRPP) | DGF2: J18.3_B2390 | DGG2: J18.3_B292 (JAVA) | DGH2: J18.3_B2392 (KRPP) | DGI2: J18.3_B401 (JAVA) | DGJ2: J18.3_B401 (KRPP) | DGK2: J18.1_B023 KRPP | DGL2: 'J18.1_B023 (JAVA) | DGM2: J18.4 Java Mainline BRD with Rossini | DGN2: J18.4 KRPP Mainline BRD with Rossini | DGO2: J18.4_2404 KRPP | DGP2: J18.4_2405 KRPP | DGQ2: Dev % BRD vs JAVA | DGR2: J18.4_B2410 KRPP | DGS2: J18.4_2418 KRPP | DGT2: J18.4_B2419 KRPP | DGU2: J18.4_B2428 KRPP | DGV2: J18.4_2433 KRPP | DGW2: J18.4_B2436 | DGX2: J18.4_2440 | DGY2: J18.4_2446 | DGZ2: J18.4_2446 | DHA2: J18.3_B029 | DHB2: J18.5 Mainline BRD with Rossini | DHC2: J18.5_2454 | DHD2: J18.5_B2457 | DHE2: J18.5_2460 | DHF2: J18.5_2466 | DHG2: J18.5_2472 | DHH2: J18.5_2480 | DHI2: J18.5_2488 | DHJ2: J18.4_B022 | DHK2: J18.6 Mainline BRD with Rossini | DHL2: J18.6_B2492 | DHM2: J18.6_B2497 | DHN2: J18.6_B2505 | DHO2: J18.6_B2513 | DHP2: J18.6_B2518 | DHQ2: J18.6_B2525 | DHR2: J18.6_B041 | DHS2: J19.2 Mainline BRD with Rossini | DHT2: J19.2_2616 | DHU2: J19.2_2624 | DHV2: J19.2_2632 | DHW2: J19.2_2637 | DHX2: J19.2_B2638 | DHY2: J19.2_2646 | DHZ2: J19.2_2657 | DIA2: J19.2_2655 | DIB2: J18.6_B041 | DIC2: J19.3 Mainline BRD with Rossini | DID2: J19.3_B2664 | DIE2: J19.3_B2672 | DIF2: J19.3_B2687 | DIG2: J19.3_B2690 | DIH2: Dev% | DII2: J17_B212 (Sangria PVT) BRD | DIJ2: J17.1_B2116 (KRPP)with RP OFF | DIK2: J17.1_B2128 (KRPP)with RP OFF | DIL2: J17.1_B2134 (KRPP)with RP OFF | DIM2: J17.1_B2138 (JAVA) | DIN2: J17.1_B2141 (KRPP)with RP OFF | DIO2: J17.1_B2148 (KRPP)with RP OFF | DIP2: (Sangria PVT) BRD | DIQ2: J17.2_B2164 (KRPP)with RP OFF | DIR2: J17.1_2166 | DIS2: J17.2_B2165 (JAVA) | DIT2: J17.2_B2174 | DIU2: (Sangria PVT) BRD | DIV2: Sangria PVT BRD (JAVA) | DIW2: J17.3_B2192 (KRPP)with RP OFF | DIX2: J17.3_B2198 (KRPP)with RP OFF | DIY2: J17.3_B2211 (JAVA) | DIZ2: J17.3_B2219 (KRPP)with RP OFF | DJA2: J17.3_B2223 (KRPP)with RP OFF | DJB2: J17.3_B2230 (KRPP)with RP OFF | DJC2: J17.3_B2231 (KRPP) | DJD2: J17.3_B2238 (KRPP)with RP OFF | DJE2: J17.3_B2240 (Java) | DJF2: J17.3_B2245 (Java) | DJG2: J17.3_B2245 (KRPP)with RP OFF | DJH2: J17.3_B2246 (JAVA) | DJI2: J17.3_B2252 (KRPP)with RP OFF | DJJ2: J17.3_B2255 (JAVA) | DJK2: J18.1_B2262 (KRPP)with RP OFF | DJL2: J17.3_B2262 (JAVA) | DJM2: J18.1_B2265 (JAVA) | DJN2: J18.1_B2267 (KRPP)with RP OFF | DJO2: J18.1_B2268 (JAVA) | DJP2: J18.1_B2270 (JAVA) | DJQ2: J18.1_B2270 (KRPP) | DJR2: J18.1_B2273 (JAVA) | DJS2: J18.1_B2273 (KRPP) | DJT2: 18.1_B2275 Java | DJU2: 18.1_B2275 KRPP | DJV2: 18.1_B2279 KRPP | DJW2: J18.1_B2279 (JAVA) | DJX2: 18.1_B2282 Java | DJY2: 18.1_B2282 KRPP | DJZ2: J18.1_B2285 (JAVA) | DKA2: 18.1_B2285 KRPP | DKB2: J18.1_B2291 (JAVA) | DKC2: 18.1_B2291 KRPP | DKD2: J18.1_B2297 (JAVA) | DKE2: J18.1_B2297 (KRPP)with RP OFF | DKF2: J18.1_B2300 (JAVA) | DKG2: J18.1_B2300 (KRPP) | DKH2: J18.1_B2304 (KRPP)with RP OFF | DKI2: J18.1_B2304 (JAVA) | DKJ2: J18.1_B2307 (KRPP)with RP OFF | DKK2: J18.1_B2307 (JAVA) | DKL2: J18.1_B2311 (JAVA) | DKM2: J18.1_B2311 (KRPP)with RP OFF | DKN2: J18.1_B2313 (JAVA) | DKO2: J18.1_B2313 (KRPP) | DKP2: J18.1_B2318 (JAVA) | DKQ2: J18.1_B2318 (KRPP)with RP OFF | DKR2: J17.1.0.4_B007 (JAVA) | DKS2: J18.2 Mainline BRD with Sangria | DKT2: J18.2_B2322 (JAVA) | DKU2: J18.2_B2322 (KRPP) | DKV2: J18.2_B2329 (JAVA) | DKW2: J18.2_B2329 (KRPP) | DKX2: J18.2_B2333 (KRPP)with RP OFF | DKY2: J18.2_B2336 (JAVA) | DKZ2: J18.2_B2336 (KRPP) | DLA2: J18.2_B2341 (KRPP)with RP OFF | DLB2: J18.2_B2343 (JAVA) | DLC2: J18.2_B2343 (KRPP) | DLD2: J18.2_B2347 (KRPP)with RP OFF | DLE2: J18.2_B2349 (JAVA) | DLF2: J18.2_B2349 (KRPP) | DLG2: J18.1_B025 (JAVA) | DLH2: 'J18.1_B025 (KRPP) | DLI2: J18.3 Java Mainline BRD with Sangria | DLJ2: J18.3 KRPP Mainline BRD with Sangria | DLK2: 'J18.3_B2364 (Java) | DLL2: 'J18.3_B2364 (KRPP) | DLM2: 'J18.3_B2368 (KRPP) | DLN2: J18.3_B2370 (KRPP) | DLO2: J18.3_B2375 (KRPP) | DLP2: J18.3_B2377 (KRPP) | DLQ2: J18.3_B2381 (KRPP) | DLR2: J18.3_B2390 | DLS2: J18.3_B2392 (KRPP) | DLT2: J18.3_B2401 (JAVA) | DLU2: J18.3_B2401 (KRPP) | DLV2: J18.2_B025 (JAVA) | DLW2: J18.2_B025 (KPP) | DLX2: J18.3 Java Mainline BRD with Sangria | DLY2: J18.3 KRPP Mainline BRD with Sangria | DLZ2: J18.4_2404 KRPP | DMA2: J18.4_2405 KRPP | DMB2: Dev % BRD vs JAVA | DMC2: J18.4_B2410 KRPP | DMD2: J18.4_2418 KRPP | DME2: J18.4_B2419 KRPP | DMF2: J18.4_B2428 | DMG2: J18.4_2433 KRPP | DMH2: J18.4_B2436 | DMI2: J18.4_2440 | DMJ2: J18.4_2446 | DMK2: J18.4_2446 | DML2: J18.3_B029 | DMM2: J18.5 Mainline BRD with Sangria | DMN2: J18.5_2454 | DMO2: J18.5_B2457 | DMP2: J18.5_2460 | DMQ2: J18.4_B022 | DMR2: J18.6 Mainline BRD with Sangria | DMS2: J18.6_B2492 | DMT2: J18.6_B2497 | DMU2: J18.6_B2505 | DMV2: J18.6_B2513 | DMW2: J18.6_B2518 | DMX2: J18.6_B2525 | DMY2: J18.6_B041 | DMZ2: J19.2 Mainline BRD with Sangria | DNA2: J19.2_2616 | DNB2: J19.2_2624 | DNC2: J19.2_2632 | DND2: J19.2_2637 | DNE2: J19.2_2638 | DNF2: J19.2_2646 | DNG2: J19.2_2657 | DNH2: J19.2_2655 | DNI2: J18.6_B041 | DNJ2: J19.3 Mainline BRD with Sangria | DNK2: J19.3_B2664 | DNL2: J19.3_B2672 | DNM2: J19.3_B2687 | DNN2: J19.3_B2690 | DNO2: Dev% | DNP2: Pisco BRD | DNQ2: Pisco (DVT) Mainline (JAVA) J17.2_2155 | DNR2: Pisco (DVT) Mainline (JAVA) J17.2_2164 | DNS2: J17.2_B2166 | DNT2: J17.2_B2172 | DNU2: J17.2_B2172 DVT | DNV2: Pisco BRD | DNW2: Pisco 'J17.3_B2211 (KRPP) | DNX2: J17.3_B2219 (KRPP)with RP OFF | DNY2: J17.3_B2223 (KRPP)with RP OFF without Toolbar | DNZ2: J17.3_B2230 (KRPP)with RP OFF without Toolbar | DOA2: J17.3_B2231 (KRPP) | DOB2: J17.3_B2238 (KRPP)with RP OFF without Toolbar | DOC2: J17.3_B2245 (KRPP)with RP OFF without Toolbar | DOD2: J17.3_B2246 (KRPP) | DOE2: J17.3_B2252 (KRPP)with RP OFF | DOF2: J17.3_B2253 (KRPP)with RP OFF | DOG2: J18.1_B2262 (KRPP)with RP OFF | DOH2: J18.1_B2268 (KRPP)with RP OFF | DOI2: J18.1_B2273 (KRPP)with RP OFF | DOJ2: J18.1_B2279 (KRPP)with RP OFF | DOK2: J18.1_B2285 (KRPP)with RP OFF | DOL2: J18.1_B2291 (KRPP)with RP OFF | DOM2: J18.1_B2297 (KRPP)with RP OFF | DON2: J18.1_B2304 (KRPP)with RP OFF | DOO2: J18.1_B2307 (KRPP)with RP OFF | DOP2: J18.1_B2311 (KRPP)with RP OFF | DOQ2: J18.1_B2313 (KRPP) | DOR2: J18.1_B2318 (KRPP)with RP OFF | DOS2: J17.3_B030 (without toolbar) | DOT2: J18.2 Mainline BRD with Pisco | DOU2: J18.2_B2322 (KRPP) | DOY2: J18.2_B2329 | DOZ2: J18.2_B2333 (KRPP)with RP OFF | DPA2: J18.2_B2336 | DPB2: J18.2_B2341 (KRPP)with RP OFF | DPC2: J18.2_B2343 (KRPP)with RP OFF | DPD2: J18.2_B2347 (KRPP)with RP OFF | DPE2: J18.2_B2349 (KRPP)with RP OFF | DPF2: J18.1_B025 (KRPP)with RP OFF | DPG2: J18.3 Mainline BRD with Pisco | DPH2: J18.3_B2364 | DPI2: J18.3_B2368 | DPJ2: J18.3_B2370 | DPK2: J18.3_B2375 (KRPP) | DPL2: J18.3_B2377 | DPM2: J18.3_B2381 | DPN2: J18.3_B2390 | DPO2: J18.3_B2392 | DPP2: J18.3_B2401 | DPQ2: J18.2_B025 (KPP) | DPR2: J18.4 Mainline BRD with Pisco | DPS2: J18.4_2404 | DPT2: J18.4_2405 | DPU2: J18.4_B2410 | DPV2: J18.4_2418 | DPW2: J18.4_B2419 | DPX2: J18.4_B2428 | DPY2: J18.4_2433 KRPP | DPZ2: J18.4_B2436 | DQA2: J18.4_B2440 | DQB2: J18.4_2446 KRPP | DQC2: J18.4_2446 | DQD2: J18.3_B029 | DQE2: J18.5 Mainline BRD with Pisco | DQF2: J18.5_2454 | DQG2: J18.5_B2457 | DQH2: J18.5_2460 | DQI2: J18.4_B022 | DQJ2: J18.6 Mainline BRD with Pisco | DQK2: J18.6_B2492 | DQL2: J18.6_B2497 | DQM2: J18.6_B2505 | DQN2: J18.6_B2513 | DQO2: J18.6_B2518 | DQP2: J18.6_B2525 | DQQ2: J18.6_B041 | DQR2: J19.2 Mainline BRD with Pisco | DQS2: J19.2_2616 | DQT2: J19.2_2624 | DQU2: J19.2_2632 | DQV2: J19.2_2637 | DQW2: J19.2_B2638 | DQX2: J19.2_2646 | DQY2: J19.2_2657 | DQZ2: J19.2_2655 | DRA2: J18.6_B041 | DRB2: J19.3 Mainline BRD with Pisco | DRC2: J19.3_B2644 | DRD2: J19.3_B2672 | DRE2: J19.3_B2687 | DRF2: J19.3_B2690 | DRG2: Dev% | DRH2: New Defect ID | DRI2: Old Defect ID | DRJ2: 16.9 Bug ID | DRK2: Comments | DRL2: EANAB Performance Bucket | DRM2: Icewine Performance Bucket | DRN2: Muscat Performance Bucket | DRO2: Whisky Performance Bucket | DRP2: Cognac Performance Bucket | DRQ2: Moonshine Performance Bucket | DRR2: Jaeger Performance Bucket | DRS2: Stinger Performance Bucket | DRT2: Malbec Performance Bucket | DRU2: Cava Performance Bucket | DRV2: Barolo Performance Bucket | DRW2: Rossini Performance Bucket | DRX2: Sangria Performance Bucket
A3: 1 | B3: P0 | C3: Yes | D3: ReaderBookOpen | E3: ReaderBookOpen | F3: =CONCATENATE(D3,"_",G3) -> ReaderBookOpen_YJ-Latin-WOImg-reOpen-Book | G3: YJ-Latin-WOImg-reOpen-Book | H3: Multiple waveform | I3: YJ-Latin-WOImg-reOpen-Book | J3: YJ - Reopen book | L3: 1.019 | M3: 1.028 | N3: 1.029 | O3: 0.958 | P3: 0.924 | Q3: 0.936 | R3: 0.95 | S3: 0.96 | T3: 0.919 | U3: 0.919 | W3: 0.943 | X3: 0.95 | Y3: 0.934 | Z3: 0.944 | AA3: 0.943 | AB3: 0.942 | AC3: 0.91 | AD3: =MIN(T3,AC3) -> 0.91 | AE3: 0.968 | AF3: 0.959 | AH3: 0.952 | AI3: 0.889 | AJ3: 0.919 | AK3: 0.919 | AL3: 0.92 | AM3: 0.908 | AN3: 0.972 | AO3: 0.924 | AP3: 0.923 | AQ3: 0.93 | AR3: 0.923 | AS3: =MIN(AD3,AR3) -> 0.91 | AT3: 0.94 | AU3: 0.907 | AV3: 0.907 | AW3: 0.915 | AX3: 0.924 | AY3: 0.865 | AZ3: 0.916 | BA3: 0.906 | BC3: 0.944 | BD3: 0.912 | BE3: 0.896 | BF3: 0.99 | BG3: 0.99 | BH3: 0.956 | BI3: 0.957 | BJ3: 0.969 | BK3: 0.961 | BL3: 0.941 | BM3: 0.947 | BN3: 0.921 | BO3: 0.898 | BP3: 0.883 | BQ3: 0.9 | BR3: 0.9 | BT3: 0.902 | BU3: 0.913 | BV3: 0.905 | BX3: 0.918 | BY3: 0.907 | BZ3: 0.905 | CB3: 0.902 | CC3: 0.926 | CE3: 0.94 | CF3: =MIN(BR3,CE3) -> 0.9 | CG3: 0.928 | CI3: 0.926 | CJ3: 0.94 | CK3: 0.94 | CM3: 0.934 | CN3: 0.936 | CP3: 0.941 | CQ3: =MIN(CP3,CF3) -> 0.9 | CR3: 0.94 | CS3: 0.94 | CT3: 0.939 | CV3: 0.94 | CW3: 0.932 | CX3: 0.926 | CZ3: 0.941 | DA3: 0.957 | DB3: =MIN(CQ3,DA3) -> 0.9 | DC3: 0.933 | DD3: 0.944 | DE3: 0.934 | DF3: 0.944 | DG3: 0.935 | DH3: 0.94 | DI3: 0.942 | DJ3: 0.944 | DK3: 0.942 | DL3: 0.932 | DM3: 0.963 | DN3: =MIN(DB3,DM3) -> 0.9 | DO3: 0.941 | DQ3: 0.941 | DR3: 0.956 | DS3: 0.958 | DT3: 0.968 | DU3: 0.953 | DV3: 0.974 | DW3: 0.954 | DX3: 0.948 | DY3: 0.979 | DZ3: 0.96 | EA3: =MIN(DN3,DZ3) -> 0.9 | EB3: 0.962 | EC3: 0.963 | ED3: 0.959 | EF3: 0.974 | EG3: 0.963 | EH3: 0.958 | EI3: 0.963 | EJ3: 0.984 | EK3: 0.957 | EL3: 0.96 | EM3: =MIN(EA3,EL3) -> 0.9 | EN3: 1.003 | EO3: 0.992 | EP3: 0.979 | EQ3: 1.016 | ER3: 0.971 | ES3: 0.968 | ET3: 0.97 | EV3: 0.972 | EW3: 0.976 | EX3: =MIN(EM3,EW3) -> 0.9 | EY3: 0.97 | EZ3: 0.939 | FA3: 0.94 | FB3: 0.948 | FC3: 0.942 | FE3: 0.945 | FF3: 0.945 | FG3: 0.947 | FH3: 0.954 | FI3: 0.95 | FJ3: 0.95 | FK3: 0.951 | FL3: =MIN(EX3,FK3) -> 0.9 | FM3: 0.97 | FN3: 0.95 | FO3: 0.96 | FP3: 0.96 | FQ3: 0.95 | FR3: 1.1 | FS3: 1.104 | FT3: 1.107 | FU3: 1.1 | FV3: 1.097 | FW3: 1.02 | FX3: =MIN(FL3,FW3) -> 0.9 | FY3: 1.1 | FZ3: 1.103 | GB3: 1.08 | GC3: 1.049 | GD3: 1.048 | GE3: 1.062 | GG3: 1.07 | GH3: 1.054 | GI3: 1.05 | GJ3: 1.041 | GK3: 1.065 | GL3: 1.05 | GM3: 1.071 | GO3: 1.052 | GQ3: 1.072 | GR3: 1.065 | GS3: 1.06 | GU3: 1.062 | GV3: 1.038 | GW3: 1.037 | GX3: 1.045 | GY3: 1.072 | GZ3: 1.063 | HB3: 1.053 | HC3: =MIN(FX3,HB3) -> 0.9 | HD3: 1.038 | HE3: 1.073 | HF3: 1.068 | HG3: 1.079 | HH3: 1.093 | HI3: =MIN(HC3,HH3) -> 0.9 | HJ3: 1.091 | HK3: 1.101 | HL3: 1.104 | HM3: 1.102 | HO3: 1.1 | HP3: 1.085 | HQ3: 1.103 | HR3: 1.192 | HS3: 1.214 | HU3: 1.206 | HW3: 1.197 | HX3: 1.202 | HY3: =MIN(HI3,HX3) -> 0.9 | IA3: =(HX3-HI3)/HI3 -> 0.33555556 | IC3: 0.962 | ID3: 0.987 | IE3: 0.988 | IF3: 0.963 | IG3: 0.886 | IH3: 0.91 | II3: 0.887 | IJ3: 0.921 | IK3: 0.925 | IL3: 0.93 | IM3: 0.926 | IN3: 0.93 | IO3: 0.921 | IP3: 0.911 | IQ3: 0.875 | IR3: =MIN(II3,IQ3) -> 0.875 | IS3: 0.942 | IT3: 0.935 | IU3: 0.953 | IV3: 0.901 | IW3: 0.906 | IY3: 0.898 | IZ3: 0.896 | JA3: 0.903 | JB3: 0.901 | JC3: 0.952 | JD3: 0.906 | JE3: 0.924 | JF3: 0.932 | JH3: 0.92 | JI3: 0.911 | JJ3: =MIN(IR3,JI3) -> 0.875 | JL3: 0.921 | JM3: 0.887 | JN3: 0.887 | JO3: 0.884 | JP3: 0.886 | JQ3: 0.876 | JR3: 0.886 | JS3: 0.893 | JT3: 0.894 | JU3: 0.902 | JV3: 0.875 | JW3: 0.9 | JX3: 0.9 | JY3: 0.883 | JZ3: 0.91 | KA3: 0.913 | KB3: 0.916 | KC3: 0.912 | KD3: 0.908 | KE3: 0.896 | KF3: 0.865 | KG3: 0.868 | KH3: 0.9 | KI3: =MIN(JV3,KH3) -> 0.875 | KJ3: 0.877 | KK3: 0.885 | KL3: 0.879 | KM3: 0.899 | KN3: 0.89 | KO3: 0.903 | KP3: 0.882 | KQ3: 0.892 | KS3: 0.91 | KT3: =MIN(KI3,KS3) -> 0.875 | KU3: 0.889 | KV3: 0.885 | KW3: 0.91 | KX3: 0.912 | KZ3: 0.887 | LB3: 0.898 | LC3: 0.901 | LD3: =MIN(KT3,LC3) -> 0.875 | LE3: 0.918 | LF3: 0.897 | LG3: 0.9 | LH3: 0.901 | LI3: 0.899 | LJ3: 0.896 | LK3: 0.902 | LL3: 0.93 | LM3: =MIN(LD3,LL3) -> 0.875 | LN3: 0.903 | LO3: 0.91 | LP3: 0.895 | LR3: 0.902 | LS3: 0.902 | LT3: 0.908 | LU3: 0.9 | LW3: 0.914 | LX3: 0.906 | LY3: 0.921 | LZ3: =MIN(LM3,LY3) -> 0.875 | MA3: 0.914 | MB3: 0.914 | MD3: =(MB3-LZ3)/LZ3 -> 0.044571429 | MF3: 0.94 | MG3: 0.952 | MH3: 0.946 | MI3: 0.957 | MJ3: 0.885 | MK3: 0.883 | ML3: 0.883 | MM3: 0.91 | MN3: 0.836 | MP3: 0.9 | MQ3: 0.891 | MR3: 0.897 | MS3: 0.898 | MT3: 0.876 | MU3: 0.858 | MV3: =MIN(ML3,MU3) -> 0.858 | MW3: 0.913 | MX3: 0.888 | MY3: 0.902 | NA3: 0.871 | NB3: 0.884 | NC3: 0.882 | ND3: 0.884 | NE3: 0.873 | NG3: 0.876 | NH3: 0.93 | NJ3: 0.89 | NK3: 0.882 | NL3: 0.881 | NM3: 0.877 | NN3: =MIN(MV3,NM3) -> 0.858 | NO3: 0.902 | NP3: 0.883 | NQ3: 0.882 | NS3: 0.87 | NT3: 0.869 | NU3: 0.866 | NV3: 0.871 | NW3: 0.879 | NX3: 0.904 | NY3: 0.888 | NZ3: 0.858 | OA3: 0.883 | OB3: 0.883 | OC3: 0.902 | OD3: 0.908 | OE3: 0.911 | OF3: 0.908 | OH3: 0.903 | OI3: 0.899 | OJ3: 0.88 | OK3: 0.873 | OL3: 0.875 | OM3: 0.88 | ON3: =MIN(NZ3,OM3) -> 0.858 | OO3: 0.865 | OP3: 0.865 | OQ3: 0.877 | OR3: 0.882 | OS3: 0.874 | OT3: 0.878 | OU3: 0.876 | OV3: 0.887 | OY3: 0.94 | OZ3: =MIN(ON3,OY3) -> 0.858 | PB3: 0.873 | PC3: 0.88 | PD3: 0.884 | PE3: 0.88 | PG3: 0.883 | PH3: 0.884 | PJ3: 0.879 | PK3: =MIN(OZ3,PJ3) -> 0.858 | PL3: 0.883 | PM3: 0.8885 | PN3: 0.883 | PP3: 0.875 | PQ3: 0.887 | PR3: 0.88 | PS3: 0.888 | PT3: 0.898 | PU3: =MIN(PK3,PT3) -> 0.858 | PV3: 0.892 | PW3: 0.892 | PX3: 0.891 | PY3: 0.902 | PZ3: 0.902 | QB3: 0.909 | QC3: 0.898 | QD3: 0.904 | QE3: 0.9 | QF3: 0.909 | QG3: 0.901 | QH3: =MIN(PU3,QG3) -> 0.858 | QI3: 0.895 | QJ3: 0.9 | QK3: 0.902 | QL3: 0.898 | QN3: 0.912 | QO3: 0.914 | QP3: 0.924 | QQ3: 0.918 | QR3: 0.923 | QS3: 0.93 | QT3: 0.911 | QU3: =MIN(QH3,QT3) -> 0.858 | QV3: 0.93 | QW3: 0.942 | QX3: 0.931 | QY3: 0.927 | QZ3: 0.938 | RA3: 0.93 | RB3: 0.916 | RC3: 0.916 | RD3: 0.926 | RE3: 0.911 | RF3: =MIN(QU3,RE3) -> 0.858 | RG3: 0.942 | RI3: 0.953 | RJ3: 0.951 | RK3: 0.984 | RL3: 0.993 | RM3: 1 | RN3: 0.985 | RO3: 0.985 | RP3: 0.951 | RQ3: =MIN(RF3,RP3) -> 0.858 | RS3: 0.992 | RT3: 0.959 | RU3: 0.95 | RV3: 0.951 | RW3: 0.959 | RX3: 0.959 | RY3: 0.953 | RZ3: 0.949 | SA3: 0.952 | SB3: 0.955 | SC3: 0.95 | SD3: 0.949 | SE3: =MIN(RQ3,SD3) -> 0.858 | SF3: 0.96 | SG3: 0.95 | SH3: 0.96 | SI3: 0.955 | SJ3: 0.95 | SK3: 0.96 | SL3: 1.14 | SN3: 1.07 | SO3: 1.07 | SP3: 1.102 | SQ3: 1.056 | SR3: =MIN(SE3,SQ3) -> 0.858 | SS3: 1.07 | SU3: 1.08 | SV3: 1.065 | SX3: 1.07 | SY3: 1.07 | SZ3: 1.07 | TA3: 1.07 | TC3: 1.08 | TD3: 1.09 | TE3: 1.065 | TF3: 1.065 | TG3: 1.07 | TH3: 1.07 | TI3: 1.074 | TK3: 1.071 | TL3: 1.073 | TM3: 1.086 | TN3: 1.08 | TO3: 1.08 | TP3: 1.085 | TR3: 1.077 | TS3: 1.09 | TT3: 1.066 | TU3: 1.048 | TV3: =MIN(SR3,TU3) -> 0.858 | TW3: 1.094 | TX3: 1.07 | TY3: 1.094 | TZ3: 1.081 | UA3: 1.078 | UB3: =MIN(TV3,UA3) -> 0.858 | UC3: 1.094 | UD3: 1.096 | UE3: 1.099 | UF3: 1.09 | UG3: 1.099 | UH3: 1.087 | UI3: 1.105 | UJ3: 1.159 | UK3: 1.178 | UL3: 1.183 | UM3: 1.19 | UO3: 1.156 | UP3: =MIN(UB3,UO3) -> 0.858 | UR3: =(UO3-UB3)/UB3 -> 0.34731935 | US3: 1.03 | UT3: 1.042 | UU3: 1.039 | UV3: 1.034 | UW3: 0.926 | UX3: 0.95 | UY3: 0.937 | UZ3: 0.966 | VA3: 0.956 | VB3: 0.947 | VC3: 0.958 | VD3: 0.96 | VF3: 0.944 | VG3: 0.938 | VH3: 0.931 | VI3: =MIN(UY3,VH3) -> 0.931 | VJ3: 0.969 | VK3: 0.974 | VL3: 0.951 | VM3: 0.926 | VO3: 0.93 | VP3: 0.945 | VQ3: 0.94 | VR3: 0.925 | VS3: 0.978 | VT3: 0.936 | VU3: 0.944 | VV3: 0.945 | VW3: 0.934 | VX3: =MIN(VI3,VW3) -> 0.931 | VY3: 0.954 | VZ3: 0.93 | WA3: 0.94 | WB3: 0.938 | WD3: 0.932 | WE3: 0.941 | WF3: 0.936 | WG3: 0.938 | WH3: 0.952 | WI3: 0.938 | WJ3: 0.931 | WK3: 0.93 | WL3: 0.93 | WM3: 0.95 | WN3: 0.953 | WO3: 0.961 | WP3: 0.967 | WQ3: 0.967 | WS3: 0.968 | WT3: 0.949 | WU3: 0.937 | WV3: 0.935 | WW3: 0.94 | WX3: =MIN(WJ3,WW3) -> 0.931 | WY3: 0.929 | WZ3: 0.942 | XA3: 0.947 | XB3: 0.94 | XC3: 0.939 | XD3: 0.938 | XE3: 0.94 | XF3: 0.955 | XI3: 0.94 | XJ3: =MIN(WX3,XI3) -> 0.931 | XK3: 0.949 | XL3: 0.946 | XN3: 0.949 | XO3: 0.946 | XP3: 0.941 | XR3: 0.942 | XS3: 0.939 | XT3: =MIN(XS3,XJ3) -> 0.931 | XU3: 0.949 | XV3: 0.954 | XW3: 0.959 | XY3: 0.943 | XZ3: 0.951 | YA3: 0.949 | YB3: 0.939 | YC3: 0.96 | YD3: =MIN(XT3,YC3) -> 0.931 | YE3: 0.954 | YF3: 0.953 | YG3: 0.942 | YH3: 0.938 | YI3: 0.947 | YJ3: 0.96 | YL3: 0.959 | YM3: 0.954 | YN3: 0.954 | YO3: 0.907 | YP3: 0.952 | YQ3: =MIN(YD3,YP3) -> 0.931 | YR3: 0.96 | YS3: 0.95 | YT3: 0.954 | YU3: 0.951 | YV3: 0.965 | YX3: 0.98 | YY3: 0.973 | YZ3: 0.975 | ZA3: 0.999 | ZB3: 1.003 | ZD3: 0.957 | ZE3: =MIN(YQ3,ZD3) -> 0.931 | ZF3: 1 | ZG3: 0.99 | ZH3: 0.994 | ZI3: 0.992 | ZJ3: 0.989 | ZK3: 0.985 | ZL3: 0.994 | ZM3: 0.977 | ZN3: 0.987 | ZO3: 0.957 | ZP3: =MIN(ZE3,ZO3) -> 0.931 | ZQ3: 1.019 | ZR3: 1.008 | ZS3: 1.024 | ZU3: 1.059 | ZV3: 1.044 | ZW3: 1.035 | ZX3: 1.043 | ZY3: 1.051 | ZZ3: 1.019 | AAA3: =MIN(ZP3,ZZ3) -> 0.931 | AAB3: 1.04 | AAD3: 1.009 | AAE3: 1.012 | AAF3: 1.03 | AAG3: 1.016 | AAH3: 1.006 | AAI3: 1.008 | AAJ3: 1.022 | AAK3: 1.01 | AAL3: 1.01 | AAM3: 1.01 | AAN3: 1.01 | AAO3: =MIN(AAA3,AAN3) -> 0.931 | AAP3: 1.01 | AAQ3: 1.009 | AAR3: 1.01 | AAS3: 1.007 | AAU3: 1.01 | AAV3: 1.22 | AAW3: 1.16 | AAX3: 1.16 | AAY3: 1.15 | AAZ3: 1.19 | ABA3: 1.1 | ABB3: =MIN(AAO3,ABA3) -> 0.931 | ABC3: 1.19 | ABD3: 1.2 | ABE3: 1.191 | ABG3: 1.209 | ABH3: 1.22 | ABI3: 1.11 | ABJ3: 1.12 | ABK3: 1.107 | ABL3: 1.1 | ABM3: 1.106 | ABN3: 1.099 | ABP3: 1.097 | ABQ3: 1.1 | ABR3: 1.097 | ABT3: 1.106 | ABU3: 1.1 | ABV3: 1.103 | ABW3: 1.13 | ABX3: 1.1 | ABY3: 1.099 | ABZ3: 1.098 | ACB3: 1.105 | ACC3: 1.11 | ACD3: 1.097 | ACE3: =MIN(ABB3,ACD3) -> 0.931 | ACF3: 1.111 | ACG3: 1.1 | ACH3: 1.116 | ACI3: 1.109 | ACJ3: 1.107 | ACK3: =MIN(ACE3,ACJ3) -> 0.931 | ACL3: 1.122 | ACM3: 1.133 | ACN3: 1.131 | ACO3: 1.125 | ACQ3: 1.124 | ACR3: 1.145 | ACS3: 1.141 | ACT3: 1.225 | ACU3: 1.233 | ACV3: 1.237 | ACX3: 1.243 | ACY3: 1.24 | ACZ3: =MIN(ACK3,ACY3) -> 0.931 | ADB3: =(ACY3-ACK3)/ACK3 -> 0.33190118 | ADC3: =(ADB3-WK3)/WK3 -> -0.64311701 | ADD3: =(ADC3-WL3)/WL3 -> -1.6915237 | ADE3: =(ADD3-WM3)/WM3 -> -2.7805512 | ADF3: =(ADE3-WN3)/WN3 -> -3.9176823 | ADG3: =(ADF3-WO3)/WO3 -> -5.0766725 | ADH3: =(ADG3-ADB3)/ADB3 -> -16.295735 | ADI3: =(ADH3-ADC3)/ADC3 -> 24.338678 | ADJ3: =(ADI3-ADD3)/ADD3 -> -15.388612 | ADK3: =(ADJ3-ADE3)/ADE3 -> 4.5343747 | ADL3: =(ADK3-ADF3)/ADF3 -> -2.1574126 | ADM3: =(ADL3-ADG3)/ADG3 -> -0.57503413 | ADN3: =(ADM3-ADH3)/ADH3 -> -0.9647126 | ADO3: =(ADN3-ADI3)/ADI3 -> -1.039637 | ... AEV3: =(AEU3-AEP3)/AEP3 -> -0.11222991 | AEW3: 0.852 | AEX3: 0.91 | AEY3: 0.901 | AEZ3: 0.902 | AFA3: 0.898 | AFB3: 0.914 | AFC3: 0.902 | AFD3: 0.897 | AFE3: 0.903 | AFG3: 0.866 | AFH3: 0.895 | AFI3: 0.86 | AFJ3: =MIN(AEW3,AFI3) -> 0.852 | AFK3: 0.871 | AFL3: 0.877 | AFM3: 0.873 | AFO3: 0.878 | AFP3: 0.876 | AFQ3: 0.882 | AFR3: 0.882 | AFS3: 0.896 | AFU3: 0.88 | AFV3: =MIN(AFJ3,AFU3) -> 0.852 | AFW3: 0.88 | AFX3: 0.884 | AFY3: 0.893 | AGA3: 0.891 | AGB3: 0.886 | AGC3: 0.884 | AGD3: 0.887 | AGE3: =MIN(AGD3,AFV3) -> 0.852 | AGF3: 0.889 | AGG3: 0.891 | AGI3: 0.924 | AGJ3: 0.912 | AGK3: 0.917 | AGM3: 0.914 | AGN3: 0.911 | AGO3: 0.896 | AGP3: =MIN(AGE3,AGO3) -> 0.852 | AGQ3: 0.917 | AGR3: 0.908 | AGS3: 0.897 | AGT3: 0.916 | AGU3: 0.915 | AGV3: 0.904 | AGW3: 0.902 | AGY3: 0.917 | AGZ3: 0.91 | AHA3: 0.954 | AHB3: 0.924 | AHC3: =MIN(AGP3,AHB3) -> 0.852 | AHD3: 0.907 | AHE3: 0.903 | AHF3: 0.904 | AHH3: 0.904 | AHI3: 1.019 | AHJ3: 1.023 | AHK3: 0.925 | AHL3: 0.93 | AHM3: 0.923 | AHN3: 0.925 | AHO3: 0.917 | AHP3: =MIN(AHC3,AHO3) -> 0.852 | AHQ3: 0.923 | AHR3: 0.921 | AHS3: 0.916 | AHT3: 0.916 | AHU3: 0.915 | AHV3: 0.922 | AHW3: 0.915 | AHY3: 0.92 | AHZ3: 0.923 | AIA3: 0.917 | AIB3: =MIN(AHP3,AIA3) -> 0.852 | AID3: 0.951 | AIE3: 0.954 | AIF3: 0.955 | AIG3: 0.964 | AIH3: 0.972 | AII3: 0.965 | AIK3: 0.97 | AIL3: 0.971 | AIM3: 0.938 | AIN3: =MIN(AIB3,AIM3) -> 0.852 | AIP3: 0.969 | AIQ3: 0.957 | AIR3: 0.956 | AIS3: 0.959 | AIT3: 0.962 | AIU3: 0.957 | AIV3: 0.961 | AIW3: 0.958 | AIY3: 0.957 | AIZ3: 0.96 | AJB3: 0.97 | AJC3: 0.943 | AJD3: =MIN(AIN3,AJC3) -> 0.852 | AJE3: 0.96 | AJF3: 0.958 | AJG3: 0.96 | AJI3: 0.96 | AJJ3: 0.956 | AJK3: 1.006 | AJL3: 1.013 | AJM3: 1.018 | AJO3: 1.03 | AJP3: 1.04 | AJQ3: 1.003 | AJR3: =MIN(AJD3,AJQ3) -> 0.852 | AJS3: 1.02 | AJU3: 1.043 | AJV3: 1.02 | AJX3: 1.01 | AJY3: 1.03 | AJZ3: 1.018 | AKA3: 1.01 | AKB3: 1.02 | AKC3: 1.01 | AKD3: 1.01 | AKE3: 1.011 | AKF3: 1.01 | AKG3: 1.01 | AKH3: 1.01 | AKI3: 1.02 | AKJ3: 1.02 | AKK3: 1.007 | AKL3: 1.01 | AKM3: 1.019 | AKO3: 1.016 | AKP3: 1.008 | AKQ3: 1.009 | AKR3: 1.008 | AKS3: 0.995 | AKT3: =MIN(AJR3,AKS3) -> 0.852 | AKU3: 1.034 | AKV3: 1.022 | AKW3: 1.019 | AKX3: 1.019 | AKY3: 1.026 | AKZ3: =MIN(AKT3,AKY3) -> 0.852 | ALA3: 1.023 | ALC3: 1.024 | ALD3: 1.037 | ALE3: 1.038 | ALF3: 1.04 | ALG3: 1.03 | ALH3: 1.047 | ALI3: 1.094 | ALJ3: 1.092 | ALK3: 1.093 | ALL3: 1.103 | ALM3: 1.102 | ALN3: =MIN(AKZ3:ALM3) -> 0.852 | ALO3: 1.113 | ALP3: 1.219 | ALR3: 1.218 | ALS3: 1.062 | ALT3: =MIN(ALN3:ALS3) -> 0.852 | ALV3: =(ALU3-ALT3)/ALT3 -> -1 | ALX3: 1.085 | ALZ3: 1.108 | AMA3: 1.124 | AMB3: 1.078 | AMC3: 0.995 | AMD3: 1.022 | AME3: 0.883 | AMF3: 1.027 | AMG3: 1.02 | AMH3: 1.03 | AMI3: 1.036 | AMJ3: 1.02 | AMK3: 1.008 | AML3: 1 | AMM3: 0.974 | AMN3: =MIN(AME3,AMM3) -> 0.883 | AMO3: 1.049 | AMQ3: 1.01 | AMR3: 0.996 | AMS3: 1.017 | AMT3: 0.993 | AMU3: 0.988 | AMV3: 1 | AMW3: 0.965 | AMX3: 1.058 | AMY3: 0.997 | AMZ3: 0.996 | ANB3: 1.028 | ANC3: 1.002 | AND3: =MIN(AMN3,ANC3) -> 0.883 | ANE3: 1.028 | ANF3: 1.007 | ANG3: 1.01 | ANH3: 1.001 | ANI3: 1.011 | ANJ3: 1.045 | ANL3: 1.04 | ANM3: 1.04 | ANN3: 1.026 | ANO3: 1.001 | ANP3: 0.883 | ANQ3: 1.024 | ANR3: 1.024 | ANS3: 1.049 | ANT3: 1.056 | ANU3: 1.048 | ANV3: 1.054 | ANW3: 1.045 | ANX3: 1.043 | ANY3: 1.031 | AOA3: 1.027 | AOB3: 1.03 | AOC3: 1.01 | AOD3: =MIN(ANP3,AOC3) -> 0.883 | AOE3: 1.028 | AOF3: 1.01 | AOG3: 1.006 | AOH3: 1.033 | AOJ3: 1.009 | AOK3: 1.005 | AOL3: 1.006 | AOM3: 1.018 | AOO3: 1.01 | AOP3: =MIN(AOO3,AOD3) -> 0.883 | AOQ3: 1.023 | AOR3: 1.011 | AOT3: 1.02 | AOU3: 1.012 | AOV3: 1.013 | AOW3: 1.015 | AOY3: 1.015 | AOZ3: =MIN(AOP3,AOY3) -> 0.883 | APA3: 1.018 | APB3: 1.015 | APC3: 1.027 | APD3: 1.018 | APE3: 1.024 | APG3: 1.02 | APH3: 1.017 | API3: 1.013 | APJ3: =MIN(AOZ3,API3) -> 0.883 | APK3: 1.015 | APL3: 1.032 | APM3: 1.012 | APO3: 1.043 | APP3: 1.026 | APQ3: 1.029 | APR3: 1.042 | APT3: 1.012 | APU3: 1.024 | APV3: 1.028 | APW3: 1.023 | APX3: =MIN(APJ3,APW3) -> 0.883 | APY3: 1.027 | APZ3: 1.021 | AQA3: 1.01 | AQC3: 1.012 | AQD3: 1.032 | AQE3: 1.028 | AQF3: 1.026 | AQG3: 1.036 | AQH3: 1.026 | AQI3: 1.056 | AQJ3: 1.025 | AQK3: =MIN(APX3,AQJ3) -> 0.883 | AQL3: 1.063 | AQM3: 1.062 | AQN3: 1.055 | AQO3: 1.047 | AQQ3: 1.047 | AQR3: 1.062 | AQS3: 1.052 | AQT3: 1.045 | AQU3: 1.046 | AQV3: 1.025 | AQW3: =MIN(AQK3,AQV3) -> 0.883 | AQX3: 1.082 | AQY3: 1.075 | ARA3: 1.079 | ARB3: 1.113 | ARC3: 1.117 | ARD3: 1.119 | ARE3: 1.106 | ARF3: 1.108 | ARG3: 1.077 | ARH3: =MIN(AQW3,ARG3) -> 0.883 | ARI3: 1.138 | ARJ3: 1.097 | ARK3: 1.089 | ARL3: 1.095 | ARM3: 1.091 | ARN3: 1.09 | ARP3: 1.088 | ARQ3: 1.088 | ARR3: 1.09 | ARS3: 1.12 | ART3: 1.109 | ARU3: 1.114 | ARV3: =MIN(ARH3,ARU3) -> 0.883 | ARW3: 1.09 | ARX3: 1.086 | ARY3: 1.091 | ARZ3: 1.088 | ASA3: 1.09 | ASC3: 1.277 | ASD3: 1.277 | ASE3: 1.282 | ASF3: 1.278 | ASG3: 1.289 | ASH3: 1.21 | ASI3: =MIN(ARV3,ASH3) -> 0.883 | ASJ3: 1.28 | ASK3: 1.276 | ASM3: 1.3 | ASN3: 1.22 | ASO3: 1.22 | ASP3: 1.21 | ASQ3: 1.2 | ASR3: 1.21 | AST3: 1.193 | ASU3: 1.205 | ASW3: 1.19 | ASX3: 1.21 | ASY3: 1.2 | ASZ3: 1.187 | ATB3: 1.21 | ATC3: 1.19 | ATD3: 1.206 | ATE3: 1.2 | ATF3: 1.189 | ATG3: 1.188 | ATI3: 1.185 | ATJ3: 1.22 | ATK3: 1.2 | ATL3: 1.181 | ATM3: =MIN(ASI3,ATL3) -> 0.883 | ATN3: 1.185 | ATO3: 1.195 | ATP3: 1.207 | ATQ3: 1.213 | ATR3: 1.212 | ATS3: =MIN(ATM3,ATR3) -> 0.883 | ATT3: 1.214 | ATU3: 1.209 | ATV3: 1.218 | ATW3: 1.211 | ATX3: 1.225 | ATY3: 1.228 | AUA3: 1.234 | AUB3: 1.332 | AUC3: 1.343 | AUD3: 1.333 | AUE3: 1.338 | AUF3: 1.338 | AUG3: =MIN(ATS3,AUF3) -> 0.883 | AUH3: 1.352 | AUI3: 1.454 | AUJ3: 1.437 | AUK3: 1.529 | AUM3: 1.392 | AUN3: 1.368 | AUO3: 1.289 | AUP3: =MIN(AUG3,AUO3) -> 0.883 | AUQ3: 1.365 | AUR3: 1.35 | AUT3: 1.35 | AUU3: 1.449 | AUV3: 1.453 | AUX3: =MIN(AUP3,AUV3) -> 0.883 | AUY3: 1.33 | AUZ3: 1.31 | AVA3: 1.632 | AVB3: 1.39 | AVE3: 1.328 | AVF3: 1.522 | AVG3: =MIN(AUX3,AVF3) -> 0.883 | AVH3: 1.351 | AVI3: 1.338 | AVJ3: 1.488 | AVK3: 1.465 | AVM3: 1.372 | AVN3: 1.461 | AVO3: 1.455 | AVQ3: 1.466 | AVR3: 1.372 | AVS3: 1.2 | AVT3: 1.359 | AVU3: 1.362 | AVV3: 1.358 | AVW3: 1.446 | AVX3: =MIN(AVW3,AVS3) -> 1.2 | AVY3: 1.376 | AVZ3: 1.381 | AWA3: 1.401 | AWB3: 1.394 | AWC3: 1.561 | AWD3: 1.365 | AWE3: =MIN(AVX3,AWD30) -> 1.2 | AWF3: 1.495 | AWG3: 1.503 | AWH3: 1.665 | AWJ3: 1.635 | AWK3: 1.925 | AWL3: 1.494 | AWM3: =MIN(AWE3,AWL3) -> 1.2 | AWN3: 1.853 | AWQ3: 1.636 | AWR3: 1.656 | AWS3: 1.497 | AWT3: 1.633 | AWU3: 1.624 | AWV3: 1.444 | AWW3: =MIN(AWM3,AWV3) -> 1.2 | AWX3: 1.989 | AWY3: 1.995 | AWZ3: 1.985 | AXA3: 1.983 | AXB3: 1.807 | AXC3: 1.534 | AXD3: 1.804 | AXE3: 2.495 | AXF3: 1.733 | AXG3: =MIN(AXF3,AWW3) -> 1.2 | AXH3: 1.882 | AXJ3: 1.55 | AXK3: 1.865 | AXM3: =MIN(AXG3,AXK3) -> 1.2 | AXN3: 1.74 | AXO3: 1.717 | AXP3: 1.728 | AXQ3: 1.754 | AXR3: 1.734 | AXS3: 1.732 | AXU3: 1.734 | AXV3: 1.75 | AXX3: 1.791 | AXY3: 1.775 | AYA3: 1.658 | AYC3: 1.649 | AYE3: 1.668 | AYF3: 1.66 | AYG3: 1.649 | AYH3: 1.663 | AYJ3: 1.654 | AYL3: 1.644 | AYN3: 1.643 | AYP3: =(AYN3-AXM3)/AXM3 -> 0.36916667 | AYQ3: 1.05 | AYR3: 0.953 | AYS3: 0.974 | AYT3: 0.939 | AYU3: 0.96 | AYV3: 0.967 | AYW3: 1.01 | AYX3: 0.996 | AYY3: 1.006 | AYZ3: 1.002 | AZB3: 0.975 | AZC3: 0.929 | AZD3: =MIN(AYT3,AZC3) -> 0.929 | AZE3: 0.981 | AZF3: 0.984 | AZG3: 0.98 | AZH3: 0.976 | AZI3: 0.945 | AZJ3: 0.927 | AZK3: 0.937 | AZL3: 0.928 | AZM3: 0.997 | AZN3: 0.942 | AZO3: 0.966 | AZP3: 0.946 | AZQ3: 0.958 | AZR3: 0.953 | AZS3: =MIN(AZD3,AZR3) -> 0.929 | AZT3: 0.95 | AZU3: 0.936 | AZV3: 0.939 | AZW3: 0.947 | AZX3: 0.937 | AZY3: 0.925 | AZZ3: 0.946 | BAA3: 0.948 | BAB3: 0.972 | BAC3: 0.936 | BAD3: 0.929 | BAE3: 0.96 | BAF3: 0.96 | BAG3: 0.985 | BAH3: 0.986 | BAI3: 0.999 | BAJ3: 0.995 | BAK3: 1.004 | BAL3: 1.002 | BAM3: 0.946 | BAN3: 0.939 | BAO3: 0.938 | BAP3: 0.94 | BAQ3: =MIN(BAD3,BAP3) -> 0.929 | BAR3: 0.937 | BAS3: 0.942 | BAT3: 0.948 | BAU3: 0.95 | BAV3: 0.948 | BAW3: 0.954 | BAX3: 0.947 | BAZ3: 0.955 | BBB3: 0.97 | BBC3: =MIN(BAQ3,BBB3) -> 0.929 | BBD3: 0.949 | BBF3: 0.956 | BBG3: 0.949 | BBI3: 0.957 | BBJ3: 0.949 | BBK3: 0.949 | BBM3: 0.959 | BBN3: =MIN(BBC3,BBM3) -> 0.929 | BBO3: 0.952 | BBQ3: 0.963 | BBR3: 0.966 | BBS3: 0.961 | BBT3: 0.962 | BBU3: 0.96 | BBV3: 0.956 | BBW3: 0.979 | BBX3: =MIN(BBN3,BBW3) -> 0.929 | BBY3: 0.951 | BBZ3: 0.975 | BCA3: 0.971 | BCB3: 0.983 | BCC3: 0.984 | BCE3: 0.966 | BCF3: 0.98 | BCG3: 0.979 | BCH3: 0.98 | BCI3: 0.98 | BCJ3: 0.957 | BCK3: =MIN(BBX3,BCJ3) -> 0.929 | BCL3: 0.974 | BCM3: 0.976 | BCO3: 0.976 | BCP3: 0.976 | BCQ3: 0.992 | BCS3: 0.983 | BCT3: 0.994 | BCU3: 0.996 | BCV3: 0.993 | BCW3: 0.998 | BCX3: 0.964 | BCY3: =MIN(BCK3,BCX3) -> 0.929 | BCZ3: 1.009 | BDA3: 1.008 | BDC3: 1.006 | BDD3: 1.009 | BDE3: 0.995 | BDF3: 1.009 | BDG3: 1.002 | BDH3: 0.996 | BDI3: 1 | BDJ3: 0.964 | BDK3: =MIN(BCY3,BDJ3) -> 0.929 | BDM3: 1.034 | BDN3: 1.03 | BDO3: 1.035 | BDP3: 1.072 | BDQ3: 1.062 | BDR3: 1.059 | BDS3: 1.058 | BDT3: 1.06 | BDV3: 1.029 | BDW3: =MIN(BDK3,BDV3) -> 0.929 | BDX3: 1.069 | BDY3: 1.028 | BDZ3: 1.033 | BEA3: 1.028 | BEC3: 1.034 | BED3: 1.039 | BEE3: 1.039 | BEF3: 1.03 | BEG3: 1.022 | BEH3: 1.02 | BEI3: 1.021 | BEJ3: 1.016 | BEK3: =MIN(BDW3,BEJ3) -> 0.929 | BEL3: 1.02 | BEM3: 1.03 | BEN3: 1.019 | BEO3: 1.02 | BEP3: 1.02 | BEQ3: 1.122 | BES3: 1.126 | BET3: 1.119 | BEU3: 1.126 | BEV3: 1.117 | BEW3: 1.15 | BEX3: =MIN(BEK3,BEW3) -> 0.929 | BEY3: 1.118 | BEZ3: 1.118 | BFA3: 1.15 | BFB3: 1.117 | BFC3: 1.122 | BFD3: 1.122 | BFE3: 1.119 | BFF3: 1.119 | BFG3: 1.115 | BFH3: 1.115 | BFI3: 1.13 | BFJ3: 1.119 | BFL3: 1.12 | BFM3: 1.138 | BFN3: 1.124 | BFO3: 1.125 | BFP3: 1.138 | BFQ3: 1.14 | BFS3: 1.13 | BFT3: 1.133 | BFU3: 1.122 | BFV3: 1.132 | BFW3: 1.141 | BFX3: 1.123 | BFY3: =MIN(BEX3,BFX3) -> 0.929 | BFZ3: 1.133 | BGA3: 1.144 | BGB3: 1.146 | BGC3: 1.147 | BGD3: 1.127 | BGE3: =MIN(BFY3,BGD3) -> 0.929 | BGF3: 1.128 | BGH3: 1.147 | BGI3: 1.153 | BGJ3: 1.142 | BGK3: 1.162 | BGL3: 1.163 | BGN3: 1.161 | BGP3: 1.252 | BGQ3: 1.261 | BGR3: 1.262 | BGS3: 1.253 | BGT3: 1.25 | BGU3: =MIN(BGE3:BGT3) -> 0.929 | BGV3: 1.284 | BGX3: 1.413 | BGY3: 1.402 | BGZ3: 1.511 | BHA3: 1.316 | BHB3: 1.313 | BHC3: 1.214 | BHD3: =MIN(BGU3,BHC3) -> 0.929 | BHE3: 1.323 | BHF3: 1.311 | BHH3: 1.29 | BHI3: 1.363 | BHJ3: 1.384 | BHK3: 1.286 | BHL3: =MIN(BHD3,BHK3) -> 0.929 | BHM3: 1.29 | BHN3: 1.292 | BHO3: 1.593 | BHP3: 1.372 | BHR3: 1.293 | BHS3: 1.465 | BHT3: =MIN(BHS3,BHL3) -> 0.929 | BHU3: 1.301 | BHV3: 1.285 | BHW3: 1.434 | BHX3: 1.425 | BHY3: 1.31 | BHZ3: 1.407 | BIA3: 1.408 | BIB3: 1.417 | BIC3: 1.339 | BID3: 1.14 | BIE3: 1.283 | BIF3: 1.287 | BIG3: 1.285 | BIH3: 1.395 | BII3: =MIN(BIH3,BID3) -> 1.14 | BIJ3: 1.321 | BIK3: 1.314 | BIL3: 1.34 | BIM3: 1.321 | BIN3: 1.445 | BIO3: 1.312 | BIP3: =MIN(BII3,BIO3) -> 1.14 | BIQ3: 1.444 | BIR3: 1.467 | BIS3: 1.572 | BIT3: 1.547 | BIV3: 1.892 | BIW3: 1.413 | BIX3: =MIN(BIP3,BIW3) -> 1.14 | BIY3: 1.896 | BJB3: 1.585 | BJC3: 1.57 | BJD3: 1.35 | BJE3: 1.557 | BJF3: 1.556 | BJG3: 1.381 | BJH3: =MIN(BIX3,BJG3) -> 1.14 | BJI3: 1.87 | BJJ3: 1.882 | BJK3: 1.857 | BJL3: 1.882 | BJM3: 1.655 | BJN3: 1.43 | BJO3: 1.641 | BJP3: 3.377 | BJQ3: 1.56 | BJR3: =MIN(BJH3,BJQ3) -> 1.14 | BJS3: 1.645 | BJU3: 1.46 | BJV3: 1.646 | BJX3: =MIN(BJR3,BJV3) -> 1.14 | BJY3: 1.644 | BJZ3: 1.628 | BKA3: 1.651 | BKB3: 1.638 | BKC3: 1.636 | BKD3: 1.662 | BKF3: 1.664 | BKG3: 1.662 | BKI3: 1.76 | BKJ3: 1.725 | BKL3: 1.651 | BKN3: 1.62 | BKP3: 1.621 | BKQ3: 1.632 | BKR3: 1.624 | BKS3: 1.642 | BKU3: 1.615 | BKW3: 1.638 | BKY3: 1.629 | BLA3: =(BKY3-BJX3)/BJX3 -> 0.42894737 | BLB3: 0.8 | BLC3: 0.779 | BLD3: 0.797 | BLE3: 0.777 | BLF3: 0.77 | BLG3: 0.782 | BLH3: 0.774 | BLI3: 0.776 | BLJ3: 0.758 | BLK3: 0.766 | BLL3: =MIN(BLC3,BLK3) -> 0.766 | BLM3: 0.783 | BLN3: 0.77 | BLP3: 0.768 | BLQ3: 0.773 | BLR3: 0.77 | BLS3: 0.761 | BLT3: 0.756 | BLU3: 0.747 | BLV3: 0.782 | BLW3: 0.761 | BLX3: 0.779 | BLY3: 0.78 | BMA3: 0.778 | BMB3: =MIN(BLL3,BMA3) -> 0.766 | BMC3: 0.782 | BMD3: 0.754 | BME3: 0.762 | BMF3: 0.769 | BMG3: 0.763 | BMI3: 0.76 | BMJ3: 0.782 | BMK3: 0.782 | BML3: 0.787 | BMM3: 0.768 | BMN3: 0.748 | BMO3: 0.822 | BMP3: 0.822 | BMQ3: 0.778 | BMR3: 0.796 | BMS3: 0.796 | BMT3: 0.8 | BMU3: 0.795 | BMV3: 0.794 | BMW3: 0.787 | BMX3: 0.764 | BMY3: 0.768 | BMZ3: 0.77 | BNA3: =MIN(BMN3,BMZ3) -> 0.748 | BNB3: 0.773 | BNC3: 0.779 | BND3: 0.784 | BNE3: 0.79 | BNG3: 0.769 | BNH3: 0.769 | BNI3: 0.782 | BNJ3: 0.783 | BNL3: 0.77 | BNM3: =MIN(BNA3,BNL3) -> 0.748 | BNN3: 0.775 | BNO3: 0.775 | BNQ3: 0.772 | BNR3: 0.773 | BNS3: 0.778 | BNT3: 0.778 | BNV3: 0.774 | BNW3: 0.804 | BNX3: =MIN(BNM3,BNW3) -> 0.748 | BNY3: 0.783 | BNZ3: 0.775 | BOB3: 0.805 | BOC3: 0.801 | BOD3: 0.796 | BOE3: 0.808 | BOG3: 0.802 | BOH3: 0.788 | BOI3: =MIN(BNX3,BOH3) -> 0.748 | BOJ3: 0.808 | BOK3: 0.795 | BOL3: 0.791 | BOM3: 0.807 | BON3: 0.804 | BOO3: 0.8 | BOP3: 0.811 | BOR3: 0.805 | BOS3: 0.805 | BOT3: 0.815 | BOU3: 0.816 | BOV3: =MIN(BOI3,BOU3) -> 0.748 | BOW3: 0.805 | BOX3: 0.798 | BOY3: 0.8 | BOZ3: 0.8 | BPA3: 0.809 | BPC3: 0.798 | BPD3: 0.825 | BPE3: 0.827 | BPF3: 0.829 | BPG3: 0.815 | BPH3: 0.82 | BPI3: =MIN(BOV3,BPH3) -> 0.748 | BPJ3: 0.82 | BPK3: 0.827 | BPL3: 0.822 | BPM3: 0.818 | BPN3: 0.813 | BPO3: 0.808 | BPP3: 0.805 | BPQ3: 0.815 | BPR3: 0.819 | BPS3: 0.82 | BPT3: =MIN(BPI3,BPS3) -> 0.748 | BPU3: 0.842 | BPV3: 0.852 | BPW3: 0.85 | BPX3: 0.856 | BPZ3: 0.841 | BQA3: 0.859 | BQB3: 0.855 | BQC3: 0.857 | BQD3: 0.844 | BQE3: =MIN(BPT3,BQD3) -> 0.748 | BQF3: 0.86 | BQG3: 0.853 | BQH3: 0.845 | BQI3: 0.856 | BQJ3: 0.847 | BQK3: 0.861 | BQL3: 0.842 | BQM3: 0.838 | BQN3: 0.844 | BQO3: 0.84 | BQP3: 0.842 | BQQ3: 0.832 | BQR3: =MIN(BQE3,BQQ3) -> 0.748 | BQS3: 0.84 | BQU3: 0.85 | BQV3: 0.848 | BQW3: 0.84 | BQX3: 0.84 | BQY3: 0.996 | BQZ3: 0.995 | BRA3: 1.007 | BRB3: 1.007 | BRC3: 1.02 | BRD3: 0.906 | BRE3: =MIN(BQR3,BRD3) -> 0.748 | BRF3: 0.996 | BRG3: 1.005 | BRH3: 1 | BRI3: 0.93 | BRJ3: 0.91 | BRK3: 0.904 | BRL3: 0.91 | BRM3: 0.906 | BRN3: 0.92 | BRO3: 0.9 | BRP3: 0.9 | BRQ3: 0.9 | BRS3: 0.899 | BRT3: 0.905 | BRU3: 0.93 | BRV3: 0.91 | BRW3: 0.89 | BRY3: 0.91 | BRZ3: 0.91 | BSA3: 0.885 | BSB3: 0.894 | BSC3: 0.924 | BSD3: 0.915 | BSF3: 0.915 | BSG3: =MIN(BRE3,BSF3) -> 0.748 | BSH3: 0.915 | BSI3: 0.93 | BSJ3: 0.916 | BSK3: 0.928 | BSL3: 0.934 | BSM3: =MIN(BSG3,BSL3) -> 0.748 | BSN3: 0.937 | BSP3: 0.935 | BSQ3: 0.936 | BSR3: 0.939 | BSS3: 0.939 | BST3: 0.941 | BSV3: 0.945 | BSX3: 0.943 | BSY3: 0.938 | BSZ3: 0.959 | BTA3: 0.967 | BTB3: 0.974 | BTD3: =MIN(BSM3:BTC3) -> 0.748 | BTE3: 0.978 | BTG3: 1.073 | BTH3: 1.071 | BTI3: 1.157 | BTJ3: 1.019 | BTK3: 1.037 | BTL3: 0.961 | BTM3: =MIN(BTD3,BTL3) -> 0.748 | BTN3: 1.018 | BTO3: 1.043 | BTP3: 1.024 | BTR3: 1.135 | BTS3: 1.105 | BTT3: =MIN(BTM3,BTS3) -> 0.748 | BTU3: 1.018 | BTV3: 1.007 | BTW3: 1.242 | BTX3: 1.067 | BTZ3: 1.007 | BUA3: 1.179 | BUB3: =MIN(BUA3,BTT3) -> 0.748 | BUC3: 1.027 | BUD3: 1.019 | BUE3: 1.122 | BUF3: 1.093 | BUG3: 1.027 | BUH3: 1.101 | BUI3: 1.125 | BUJ3: 1.115 | BUK3: 1.066 | BUL3: 0.941 | BUM3: 1.005 | BUN3: 1.002 | BUO3: 0.986 | BUP3: 1.11 | BUQ3: =MIN(BUP3,BUL3) -> 0.941 | BUR3: 1.023 | BUS3: 1.017 | BUT3: 1.033 | BUU3: 1.034 | BUV3: 1.127 | BUW3: 1.013 | BUX3: =MIN(BUW3,BUQ3) -> 0.941 | BUY3: 1.062 | BUZ3: 1.088 | BVA3: 1.177 | BVB3: 1.147 | BVC3: 1.968 | BVD3: 1.106 | BVE3: =MIN(BVD3,BUX3) -> 0.941 | BVF3: 1.284 | BVI3: 1.088 | BVJ3: 1.1 | BVK3: 1.093 | BVL3: 1.102 | BVM3: 1.143 | BVN3: 1.072 | BVO3: =MIN(BVE3,BVN3) -> 0.941 | BVP3: 1.24 | BVQ3: 1.254 | BVR3: 1.259 | BVS3: 1.27 | BVT3: 1.147 | BVU3: 1.067 | BVV3: 1.15 | BVW3: 2.481 | BVX3: 1.169 | BVY3: =MIN(BVO3,BVX3) -> 0.941 | BVZ3: 1.181 | BWB3: 1.086 | BWC3: 1.162 | BWE3: =MIN(BVY3,BWC3) -> 0.941 | BWF3: 1.169 | BWG3: 1.161 | BWH3: 1.193 | BWI3: 1.182 | BWJ3: 1.19 | BWK3: 1.182 | BWM3: 1.186 | BWN3: 1.19 | BWP3: 1.192 | BWQ3: 1.183 | BWS3: 1.149 | BWU3: 1.14 | BWW3: 1.136 | BWX3: 1.15 | BWY3: 1.136 | BWZ3: 1.141 | BXB3: 1.15 | BXD3: 1.137 | BXF3: 1.117 | BXG3: 1.178 | BXH3: =MIN(BXG3,BWE3) -> 0.941 | BXI3: 1.134 | BXK3: 1.106 | BXM3: 1.107 | BXO3: 1.106 | BXQ3: 1.121 | BXR3: =MIN(BXH3,BXQ3) -> 0.941 | BXT3: 1.128 | BXV3: 1.139 | BXX3: 1.116 | BXY3: 1.137 | BYB3: 1.115 | BYC3: =MIN(BYB3,BXR3) -> 0.941 | BYD3: 1.118 | BYG3: 1.2 | BYJ3: 1.209 | BYL3: 1.197 | BYM3: 1.214 | BYO3: =(BYM3-BYC3)/BYC3 -> 0.2901169 | BYP3: 0.814 | BYQ3: 0.858 | BYR3: 0.851 | BYT3: 0.925 | BYU3: 0.937 | BYV3: 0.939 | BYX3: =MIN(BYP3,BYV3) -> 0.814 | BYY3: 0.937 | BYZ3: 0.965 | BZA3: 0.962 | BZB3: 0.958 | BZC3: 0.921 | BZD3: 0.944 | BZE3: 0.952 | BZG3: 0.896 | BZH3: 0.9 | BZI3: 0.91 | BZJ3: 0.901 | BZK3: 0.888 | BZL3: =MIN(BYX3,BZK3) -> 0.814 | BZM3: 0.9 | BZN3: 0.914 | BZO3: 0.903 | BZP3: 0.9 | BZQ3: 0.895 | BZR3: 1.085 | BZT3: 1.03 | BZU3: 1 | BZV3: 1.01 | BZW3: 0.99 | BZX3: 0.97 | BZY3: =MIN(BZL3,BZX3) -> 0.814 | BZZ3: 1 | CAA3: 0.98 | CAB3: 1 | CAD3: 0.99 | CAE3: 1 | CAF3: 0.98 | CAG3: 0.98 | CAH3: 1.01 | CAI3: 0.986 | CAK3: 0.99 | CAL3: 1 | CAM3: 0.993 | CAN3: 0.979 | CAO3: 0.984 | CAQ3: 0.99 | CAR3: 1.01 | CAT3: 1 | CAU3: 0.98 | CAV3: 0.977 | CAW3: 0.996 | CAX3: 0.98 | CAZ3: 0.976 | CBA3: 0.98 | CBB3: 0.935 | CBC3: =MIN(BZY3,CBB3) -> 0.814 | CBD3: 1.01 | CBE3: 1.013 | CBF3: 1.009 | CBG3: 1.017 | CBI3: 1.018 | CBJ3: =MIN(CBC3,CBI3) -> 0.814 | CBK3: 1.022 | CBL3: 1.005 | CBM3: 1.01 | CBN3: 1.02 | CBO3: 1.01 | CBP3: 1.01 | CBQ3: 1.021 | CBR3: 1.013 | CBS3: 1.031 | CBU3: 1.034 | CBV3: 1.029 | CBW3: 1.014 | CBX3: =MIN(CBJ3:CBW3) -> 0.814 | CBY3: 1.042 | CBZ3: 1.124 | CCB3: 1.134 | CCC3: 1.19 | CCD3: 1.066 | CCE3: 1.048 | CCF3: 1.034 | CCG3: =MIN(CBX3,CCF3) -> 0.814 | CCH3: 1.052 | CCI3: 1.032 | CCJ3: 1.025 | CCL3: 1.054 | CCM3: 1.02 | CCN3: =MIN(CCG3,CCM3) -> 0.814 | CCO3: 1.037 | CCP3: 1.046 | CCQ3: 1.063 | CCR3: 1.051 | CCS3: 1.038 | CCT3: =MIN(CCS3,CCN3) -> 0.814 | CCU3: 1.038 | CCV3: 1.056 | CCW3: 1.056 | CCX3: 1.06 | CCY3: 1.049 | CCZ3: 1.073 | CDB3: 1.074 | CDC3: 1.065 | CDD3: 1.043 | CDE3: 1.01 | CDF3: 1.084 | CDH3: 1.079 | CDI3: 1.072 | CDJ3: 1.087 | CDK3: =MIN(CDJ3,CDE3) -> 1.01 | CDL3: 1.09 | CDM3: 1.093 | CDN3: 1.1 | CDO3: 1.095 | CDP3: 1.108 | CDQ3: 1.081 | CDR3: =MIN(CDQ3,CDK3) -> 1.01 | CDS3: 1.114 | CDT3: 1.12 | CDU3: 1.143 | CDV3: 1.136 | CDW3: 3.398 | CDX3: 1.09 | CDY3: =MIN(CDX3,CDR3) -> 1.01 | CDZ3: 1.252 | CEC3: 1.272 | CED3: 1.267 | CEE3: 1.177 | CEF3: 1.26 | CEG3: 1.267 | CEH3: 1.172 | CEI3: =MIN(CDY3,CEH3) -> 1.01 | CEJ3: 1.37 | CEK3: 1.39 | CEL3: 1.384 | CEM3: 1.379 | CEN3: 1.324 | CEO3: 1.196 | CEP3: 1.306 | CEQ3: 2.733 | CER3: 1.308 | CES3: =MIN(CEI3,CER3) -> 1.01 | CET3: 1.375 | CEV3: 1.18 | CEW3: 1.339 | CEY3: =MIN(CES3,CEW3) -> 1.01 | CEZ3: 1.363 | CFA3: 1.334 | CFB3: 1.302 | CFC3: 1.324 | CFD3: 1.295 | CFE3: 1.309 | CFG3: 1.311 | CFH3: 1.323 | CFJ3: 1.332 | CFK3: 1.322 | CFM3: 1.259 | CFO3: 1.246 | CFQ3: 1.26 | CFS3: 1.24 | CFT3: 1.263 | CFU3: 1.253 | CFW3: 1.242 | CFY3: 1.256 | CGA3: 1.228 | CGB3: 1.342 | CGC3: =MIN(CGB3,CEY3) -> 1.01 | CGD3: 1.257 | CGF3: 1.195 | CGH3: 1.207 | CGJ3: 1.197 | CGL3: 1.241 | CGM3: =MIN(CGL3,CGC3) -> 1.01 | CGO3: 1.203 | CGQ3: 1.224 | CGS3: 1.213 | CGT3: 1.221 | CGW3: 1.185 | CGX3: =MIN(CGW3,CGM3) -> 1.01 | CGY3: 1.232 | CHC3: 1.272 | CHE3: 1.282 | CHG3: 1.253 | CHH3: 1.263 | CHJ3: 1.208 | CHK3: =MIN(CHJ3,CGX3) -> 1.01 | CHL3: 1.265 | CHN3: 1.274 | CHO3: 1.262 | CHP3: 1.267 | CHQ3: 1.275 | CHR3: 1.22 | CHS3: =MIN(CHK3,CHR3) -> 1.01 | CHV3: 1.447 | CHW3: 1.423 | CHZ3: 1.4 | CIA3: =MIN(CHZ3,CHS3) -> 1.01 | CIB3: 1.411 | CIC3: 1.422 | CID3: 1.421 | CIE3: 1.411 | CIG3: 1.402 | CII3: 1.413 | CIJ3: 1.4 | CIK3: =MIN(CIJ3,CIA3) -> 1.01 | CIN3: =(CIL3-CIK3)/CIK3 -> -1 | CIO3: 1.07 | CIP3: 1.075 | CIQ3: 1.092 | CIR3: 1.085 | CIT3: 1.085 | CIU3: =MIN(CIO3,CIT3) -> 1.07 | CIV3: 1.108 | CIW3: 1.122 | CIY3: 1.126 | CIZ3: 1.13 | CJA3: 1.115 | CJB3: 1.107 | CJC3: 1.116 | CJD3: 1.185 | CJE3: 1.213 | CJF3: 1.203 | CJG3: 1.193 | CJH3: 1.19 | CJI3: =MIN(CIU3:CJH3) -> 1.07 | CJJ3: 1.214 | CJK3: 1.208 | CJM3: 1.221 | CJN3: 1.308 | CJO3: 1.253 | CJP3: 1.245 | CJQ3: 1.22 | CJR3: =MIN(CJI3,CJQ3) -> 1.07 | CJS3: 1.22 | CJT3: 1.19 | CJU3: 1.22 | CJV3: 1.22 | CJX3: 1.222 | CJY3: 1.224 | CJZ3: =MIN(CJR3,CJY3) -> 1.07 | CKA3: 1.13 | CKB3: 1.139 | CKD3: 1.143 | CKE3: 1.12 | CKF3: 1.126 | CKH3: 1.156 | CKI3: =MIN(CKH3,CJZ3) -> 1.07 | CKJ3: 1.132 | CKK3: 1.113 | CKL3: 1.143 | CKM3: 1.143 | CKN3: 1.13 | CKO3: 1.114 | CKP3: 1.105 | CKQ3: 1.143 | CKS3: 1.153 | CKT3: 1.103 | CKU3: 1.137 | CKV3: 1.141 | CKW3: 1.154 | CKX3: 1.148 | CKY3: =MIN(CKX3,CKT3) -> 1.103 | CKZ3: 1.169 | CLA3: 1.156 | CLB3: 1.169 | CLC3: 1.162 | CLD3: 1.183 | CLE3: 1.166 | CLF3: =MIN(CKY3,CLE3) -> 1.103 | CLG3: 1.176 | CLH3: 1.189 | CLJ3: 1.202 | CLK3: 1.206 | CLL3: 2.88 | CLM3: 1.198 | CLN3: =MIN(CLF3,CLM3) -> 1.103 | CLO3: 1.295 | CLR3: 1.299 | CLS3: 1.32 | CLT3: 1.186 | CLU3: 1.334 | CLV3: 1.354 | CLW3: 1.206 | CLX3: =MIN(CLN3,CLW3) -> 1.103 | CLY3: 1.453 | CLZ3: 1.461 | CMA3: 1.456 | CMB3: 1.459 | CMC3: 1.391 | CMD3: 1.207 | CME3: 1.412 | CMF3: 2.455 | CMG3: 1.348 | CMH3: =MIN(CLX3,CMG3) -> 1.103 | CMI3: 1.387 | CMK3: 1.205 | CML3: 1.393 | CMN3: =MIN(CMH3,CML3) -> 1.103 | CMO3: 1.411 | CMP3: 1.423 | CMQ3: 1.395 | CMR3: 1.385 | CMS3: 1.409 | CMT3: 1.41 | CMV3: 1.404 | CMW3: 1.409 | CMY3: 1.424 | CMZ3: 1.409 | CNB3: 1.36 | CND3: 1.348 | CNF3: 1.366 | CNH3: 1.353 | CNI3: 1.36 | CNJ3: 1.358 | CNL3: 1.355 | CNN3: 1.377 | CNP3: 1.362 | CNQ3: 1.38 | CNR3: =MIN(CNQ3,CMN3) -> 1.103 | CNS3: 1.364 | CNU3: 1.285 | CNW3: 1.28 | CNY3: 1.283 | COA3: 1.336 | COB3: =MIN(COA3,CNR3) -> 1.103 | COD3: 1.312 | COF3: 1.309 | COH3: 1.3 | COI3: 1.286 | COL3: 1.293 | COM3: =MIN(COL3,COB3) -> 1.103 | CON3: 1.324 | COR3: 1.405 | COT3: 1.392 | COV3: 1.402 | COW3: 1.408 | COY3: 1.31 | COZ3: =MIN(COY3,COM3) -> 1.103 | CPA3: 1.383 | CPC3: 1.37 | CPD3: 1.37 | CPE3: 1.366 | CPF3: 1.381 | CPG3: 1.4 | CPH3: 1.376 | CPI3: =MIN(CPH3,COZ3) -> 1.103 | CPL3: 1.482 | CPM3: 1.498 | CPP3: 1.478 | CPQ3: =MIN(CPP3,CPI3) -> 1.103 | CPR3: 1.449 | CPS3: 1.447 | CPT3: 1.445 | CPU3: 1.438 | CPW3: 1.443 | CPY3: 1.431 | CPZ3: 1.478 | CQA3: =MIN(CPZ3,CPQ3) -> 1.103 | CQD3: =(CQB3-CQA3)/CQA3 -> -1 | CQE3: =CQF3*1.1 -> 0.8734 | CQF3: 0.794 | CQG3: =MIN(CQE3,CQF3) -> 0.794 | CQH3: 0.804 | CQI3: 0.789 | CQK3: 0.793 | CQL3: 0.786 | CQM3: 0.797 | CQN3: 0.797 | CQO3: 0.775 | CQP3: =MIN(CQG3,CQO3) -> 0.775 | CQQ3: 0.787 | CQR3: 0.811 | CQS3: 0.808 | CQT3: 0.812 | CQU3: 0.793 | CQV3: 0.798 | CQW3: =MIN(CQP3:CQV3) -> 0.775 | CQX3: 0.817 | CQY3: 0.843 | CRA3: 0.834 | CRB3: 0.847 | CRC3: 0.832 | CRD3: 0.842 | CRE3: 0.82 | CRF3: =MIN(CQW3,CRE3) -> 0.775 | CRG3: 0.82 | CRH3: 0.809 | CRI3: 0.786 | CRJ3: 0.786 | CRL3: 0.793 | CRM3: =MIN(CRF3,CRL3) -> 0.775 | CRN3: 0.791 | CRO3: 0.776 | CRP3: 0.811 | CRQ3: 0.796 | CRS3: 0.794 | CRT3: 0.816 | CRU3: =MIN(CRT3,CRM3) -> 0.775 | CRV3: 0.78 | CRW3: 0.771 | CRY3: 0.803 | CRZ3: 0.796 | CSA3: 0.765 | CSB3: 0.804 | CSE3: 0.769 | CSF3: 0.796 | CSG3: 0.766 | CSH3: 0.77 | CSI3: 0.766 | CSK3: 0.76 | CSL3: 0.777 | CSO3: 0.813 | CSP3: =MIN(CSO3,CRU3) -> 0.775 | CSQ3: 0.793 | CSR3: 0.804 | CSS3: 0.797 | CST3: 0.804 | CSU3: 0.794 | CSV3: 0.814 | CTA3: 0.813 | CTB3: 0.821 | CTC3: =MIN(CSP3,CTA3) -> 0.775 | CTD3: 0.813 | CTE3: 0.823 | CTF3: 0.821 | CTG3: 0.816 | CTH3: 0.845 | CTI3: 0.825 | CTJ3: 0.836 | CTK3: 0.847 | CTL3: 0.843 | CTM3: 0.832 | CTN3: 0.842 | CTO3: =MIN(CTC3,CTM3) -> 0.775 | CTP3: 0.844 | CTQ3: 0.847 | CTR3: 0.834 | CTS3: 0.842 | CTT3: 0.842 | CTU3: 0.842 | CTX3: 0.834 | CTY3: 0.842 | CTZ3: 0.893 | CUA3: 0.902 | CUB3: 0.842 | CUC3: 0.845 | CUD3: =MIN(CUB3,CTO3) -> 0.775 | CUE3: 0.931 | CUF3: 0.902 | CUG3: 0.951 | CUH3: 0.966 | CUM3: 0.897 | CUN3: 0.934 | CUO3: 0.931 | CUP3: 0.885 | CUQ3: 0.901 | CUR3: 0.901 | CUS3: 0.92 | CUT3: 0.933 | CUU3: 0.877 | CUV3: 0.908 | CUW3: 0.917 | CUX3: 0.922 | CUY3: 0.946 | CUZ3: 0.955 | CVA3: 0.911 | CVB3: 0.911 | CVC3: =MIN(CUD3,CUZ3) -> 0.775 | CVD3: 1.001 | CVE3: 1.006 | CVF3: 1.001 | CVG3: 1 | CVH3: 1.021 | CVI3: 1.032 | CVJ3: 1.426 | CVK3: 1.451 | CVL3: 1.448 | CVM3: 1.467 | CVN3: 0.896 | CVO3: 0.896 | CVP3: 1.428 | CVQ3: 1.445 | CVR3: 2.18 | CVS3: 2.16 | CVT3: 0.967 | CVU3: 0.973 | CVV3: =MIN(CVC3,CVT3) -> 0.775 | CVW3: 1.426 | CVX3: 1.432 | CWA3: 0.91 | CWB3: 0.918 | CWC3: 1.449 | CWD3: 1.463 | CWG3: =MIN(CWC3,CVV3) -> 0.775 | CWH3: 1.462 | CWI3: 1.452 | CWJ3: 1.457 | CWK3: 1.481 | CWL3: 1.06 | CWM3: 1.05 | CWN3: 1.08 | CWO3: 1.06 | CWR3: 1.07 | CWS3: 1.071 | CWT3: 1.062 | CWU3: 1.046 | CWX3: 1.084 | CWY3: 1.084 | CXB3: 1.079 | CXC3: 1.045 | CXD3: 1.055 | CXE3: 1.083 | CXF3: 1.082 | CXG3: 1.072 | CXH3: 1.062 | CXI3: 1.083 | CXJ3: 1.074 | CXK3: 1.075 | CXL3: 1.084 | CXM3: 1.063 | CXN3: 1.055 | CXO3: 1.072 | CXP3: 1.079 | CXQ3: 1.074 | CXT3: 1.066 | CXU3: 1.068 | CXX3: 1.071 | CXY3: 1.062 | CXZ3: 1.093 | CYA3: 1.089 | CYB3: =MIN(CXZ3,CWG3) -> 0.775 | CYC3: 1.082 | CYD3: 1.06 | CYG3: 1.068 | CYH3: 1.076 | CYK3: 1.056 | CYL3: 1.071 | CYO3: 1.089 | CYP3: 1.077 | CYS3: 1.102 | CYT3: 1.092 | CYU3: =MIN(CYB3,CYT3) -> 0.775 | CYX3: 1.094 | CYY3: 1.086 | CZB3: 1.092 | CZC3: 1.092 | CZF3: 1.066 | CZG3: 1.077 | CZH3: 1.088 | CZI3: 1.088 | CZN3: 1.079 | CZO3: 1.11 | CZP3: =MIN(CYU3,CZO3) -> 0.775 | CZQ3: 1.102 | CZR3: 1.092 | CZW3: 1.202 | CZX3: 1.221 | DAC3: 1.216 | DAD3: 1.234 | DAG3: 1.204 | DAH3: 1.227 | DAI3: 1.215 | DAJ3: 1.228 | DAM3: 1.172 | DAN3: 1.169 | DAO3: =MIN(DAN3,CZP3) -> 0.775 | DAP3: 1.231 | DAQ3: 1.22 | DAT3: 1.236 | DAU3: 1.227 | DAV3: 1.19 | DAW3: 1.192 | DAX3: =MIN(DAN3,CZP3) -> 0.775 | DBA3: 1.236 | DBB3: 1.227 | DBE3: 1.265 | DBF3: 1.252 | DBG3: 1.284 | DBH3: 1.266 | DBM3: 1.249 | DBN3: 1.284 | DBO3: =MIN(DBN3,DAX3) -> 0.775 | DBP3: 1.281 | DBQ3: 1.298 | DBR3: 1.29 | DBS3: 1.266 | DBT3: 1.297 | DBU3: 1.308 | DBV3: 1.271 | DBW3: 1.3 | DBZ3: 1.281 | DCA3: 1.303 | DCD3: 1.295 | DCE3: 1.289 | DCF3: 1.284 | DCG3: =MIN(DCF3,DBO3) -> 0.775 | DCP3: =(DCH3-DCG3)/DCG3 -> -1 | DCQ3: =(DCI3-DCG3)/DCG3 -> -1 | DCR3: =(CUO3-CUD3)/CUD3 -> 0.20129032 | DCS3: 1.11 | DCT3: 1.412 | DCU3: 1.388 | DCV3: 1.389 | DCW3: 1.385 | DCX3: 1.295 | DCY3: 1.193 | DCZ3: 1.312 | DDA3: 2.492 | DDB3: 1.324 | DDC3: =MIN(DCS3,DDB3) -> 1.11 | DDD3: 1.317 | DDF3: 1.203 | DDG3: 1.31 | DDI3: =MIN(DDC3,DDG3) -> 1.11 | DDJ3: 1.11 | DDK3: 1.308 | DDL3: 1.34 | DDM3: 1.199 | DDN3: 1.32 | DDO3: 1.324 | DDP3: 1.342 | DDR3: 1.319 | DDS3: 1.221 | DDT3: 1.21 | DDU3: 1.333 | DDW3: 1.34 | DDX3: 1.728 | DDY3: 1.342 | DDZ3: 1.698 | DEB3: 1.309 | DEC3: 1.651 | DEF3: 1.65 | DEG3: 1.322 | DEJ3: 1.339 | DEK3: 1.65 | DEN3: 1.661 | DEO3: 1.312 | DEP3: 1.311 | DEQ3: 1.64 | DER3: 1.336 | DES3: 1.637 | DEV3: 1.334 | DEW3: 1.637 | DEZ3: 1.628 | DFA3: 1.312 | DFD3: 1.633 | DFE3: 1.311 | DFF3: 1.193 | DFG3: =MIN(DDJ3,DFF3) -> 1.11 | DFI3: 1.3 | DFL3: 1.229 | DFO3: 1.221 | DFR3: 1.227 | DFU3: 1.148 | DFV3: 1.271 | DFW3: =MIN(DFG3,DFU3) -> 1.11 | DFX3: =MIN(DFG3,DFV3) -> 1.11 | DGA3: 1.254 | DGC3: 1.241 | DGE3: 1.232 | DGF3: 1.225 | DGK3: 1.271 | DGL3: 1.148 | DGM3: =MIN(DGL3,DFW3) -> 1.11 | DGN3: =MIN(DGK3,DFX3) -> 1.11 | DGO3: 1.264 | DGQ3: =(DGO3-DGM3)/DGM3 -> 0.13873874 | DGS3: 1.3 | DGV3: 1.306 | DGX3: 1.316 | DGY3: 1.318 | DHA3: 1.238 | DHB3: =MIN(DHA3,DGN3) -> 1.11 | DHC3: 1.303 | DHE3: 1.288 | DHF3: 1.312 | DHG3: 1.323 | DHH3: 1.314 | DHI3: 1.318 | DHJ3: 1.261 | DHK3: =MIN(DHJ3,DHB3) -> 1.11 | DHN3: 1.461 | DHO3: 1.453 | DHR3: 1.422 | DHS3: =MIN(DHR3,DHK3) -> 1.11 | DHT3: 1.441 | DHU3: 1.44 | DHV3: 1.405 | DHW3: 1.433 | DHY3: 1.449 | DIA3: 1.46 | DIB3: 1.422 | DIC3: =MIN(DIB3,DHS3) -> 1.11 | DIH3: =(DID3-DIC3)/DIC3 -> -1 | DII3: 0.71 | DIJ3: 0.856 | DIK3: 0.864 | DIL3: 0.787 | DIM3: 0.698 | DIN3: 0.777 | DIO3: 1.33 | DIP3: =MIN(DII3,DIO3) -> 0.71 | DIQ3: 0.798 | DIS3: 0.721 | DIU3: =MIN(DIP3,DIS3) -> 0.71 | DIV3: 0.71 | DIW3: 0.805 | DIX3: 0.799 | DIY3: 0.729 | DIZ3: 0.811 | DJA3: 0.797 | DJB3: 0.816 | DJD3: 0.806 | DJE3: 0.749 | DJF3: 0.759 | DJG3: 0.822 | DJI3: 0.834 | DJJ3: 1.068 | DJK3: 0.827 | DJL3: 1.062 | DJN3: 0.785 | DJO3: 1.008 | DJR3: 1.013 | DJS3: 0.796 | DJV3: 0.797 | DJW3: 1.01 | DJZ3: 1.006 | DKA3: 0.812 | DKB3: 1 | DKC3: 0.786 | DKD3: 1.012 | DKE3: 0.789 | DKH3: 0.787 | DKI3: 1.026 | DKL3: 0.995 | DKM3: 0.769 | DKP3: 1 | DKQ3: 0.752 | DKR3: 0.719 | DKS3: =MIN(DKR3,DIV3) -> 0.71 | DKU3: 0.735 | DKX3: 0.726 | DLA3: 0.754 | DLD3: 0.753 | DLG3: 0.726 | DLH3: 0.735 | DLI3: =MIN(DLG3,DKS3) -> 0.71 | DLJ3: =MIN(DLH3,DKS3) -> 0.71 | DLM3: 0.753 | DLO3: 0.736 | DLQ3: 0.745 | DLR3: 0.756 | DLV3: 0.686 | DLW3: 0.75 | DLX3: =MIN(DLV3,DLI3) -> 0.686 | DLY3: =MIN(DLW3,DLJ3) -> 0.71 | DLZ3: 0.768 | DMB3: =(DLZ3-DLX3)/DLX3 -> 0.11953353 | DMD3: 0.79 | DMG3: 0.799 | DMI3: 0.79 | DMJ3: 0.799 | DML3: 0.752 | DMM3: =MIN(DML3,DLY3) -> 0.71 | DMN3: 0.792 | DMP3: 0.789 | DMQ3: 0.757 | DMR3: =MIN(DMQ3,DMM3) -> 0.71 | DMU3: 0.818 | DMV3: 0.809 | DMY3: 0.831 | DMZ3: =MIN(DMY3,DMR3) -> 0.71 | DNA3: 0.85 | DNB3: 0.847 | DNC3: 0.861 | DND3: 0.854 | DNF3: 0.839 | DNH3: 0.827 | DNI3: 0.831 | DNJ3: =MIN(DNI3,DMZ3) -> 0.71 | DNO3: =(DNK3-DNJ3)/DNJ3 -> -1 | DNP3: 0.775 | DNQ3: 0.928 | DNR3: 0.932 | DNV3: =MIN(DNP3,DNR3) -> 0.775 | DNW3: 1.601 | DNX3: 1.616 | DNY3: 1.186 | DNZ3: 1.221 | DOB3: 1.197 | DOC3: 1.195 | DOE3: 1.215 | DOG3: 1.214 | DOH3: 1.157 | DOI3: 1.168 | DOJ3: 1.172 | DOK3: 1.191 | DOL3: 1.176 | DOM3: 1.148 | DON3: 1.156 | DOP3: 1.163 | DOR3: 1.182 | DOS3: 1.198 | DOT3: =MIN(DOS3,DNV3) -> 0.775 | DOU3: 1.182 | DOZ3: 1.203 | DPB3: 1.214 | DPD3: 1.214 | DPF3: 1.204 | DPG3: =MIN(DOT3,DPF3) -> 0.775 | DPI3: 1.214 | DPK3: 1.211 | DPM3: 1.221 | DPN3: 1.231 | DPQ3: 1.23 | DPR3: =MIN(DPQ3,DPG3) -> 0.775 | DPS3: 1.243 | DPV3: 1.32 | DPY3: 1.289 | DQA3: 1.285 | DQB3: 1.29 | DQD3: 1.259 | DQE3: =MIN(DQD3,DPR3) -> 0.775 | DQF3: 1.316 | DQH3: 1.302 | DQI3: 1.273 | DQJ3: =MIN(DQI3,DQE3) -> 0.775 | DQM3: 1.362 | DQN3: 1.335 | DQQ3: 1.323 | DQR3: =MIN(DQQ3,DQJ3) -> 0.775 | DQS3: 1.351 | DQT3: 1.335 | DQU3: 1.338 | DQV3: 1.363 | DQX3: 1.328 | DQZ3: 1.327 | DRA3: 1.323 | DRB3: =MIN(DRA3,DQR3) -> 0.775 | DRG3: =(DRC3-DRB3)/DRB3 -> -1 | DRH3: SBR-31633 | DRI3: SBR-2806,SBR-13513,SBR-19944 , SBR-21469 | DRJ3: SBR-40984 | DRL3: =IF(ISBLANK(IA3),"4.Blocker/Not Executed",IF(AND(IA3<=0%),"1. Better than baseline ",IF(AND(IA3<=10%,IA3>=0%),"2. Within 10% deviation from baseline",IF(AND(IA3>=10%),"3. Missing baseline")))) -> 3. Missing baseline | DRM3: =IF(ISBLANK(MD3),"4.Blocker/Not Executed",IF(AND(MD3<=0%),"1. Better than baseline ",IF(AND(MD3<=10%,MD3>=0%),"2. Within 10% deviation from baseline",IF(AND(MD3>=10%),"3. Missing baseline")))) -> 2. Within 10% deviation from baseline | DRN3: =IF(ISBLANK(UR3),"4.Blocker/Not Executed",IF(AND(UR3<=0%),"1. Better than baseline ",IF(AND(UR3<=10%,UR3>=0%),"2. Within 10% deviation from baseline",IF(AND(UR3>=10%),"3. Missing baseline")))) -> 3. Missing baseline | DRO3: =IF(ISBLANK(ADB3),"4.Blocker/Not Executed",IF(AND(ADB3<=0%),"1. Better than baseline ",IF(AND(ADB3<=10%,ADB3>=0%),"2. Within 10% deviation from baseline",IF(AND(ADB3>=10%),"3. Missing baseline")))) -> 3. Missing baseline | DRP3: =IF(ISBLANK(ALV3),"4.Blocker/Not Executed",IF(AND(ALV3<=0%),"1. Better than baseline ",IF(AND(ALV3<=10%,ALV3>=0%),"2. Within 10% deviation from baseline",IF(AND(ALV3>=10%),"3. Missing baseline")))) -> 1. Better than baseline | DRQ3: =IF(ISBLANK(AYP3),"4.Blocker/Not Executed",IF(AND(AYP3<=0%),"1. Better than baseline ",IF(AND(AYP3<=10%,AYP3>=0%),"2. Within 10% deviation from baseline",IF(AND(AYP3>=10%),"3. Missing baseline")))) -> 3. Missing baseline | DRR3: =IF(ISBLANK(BLA3),"4.Blocker/Not Executed",IF(AND(BLA3<=0%),"1. Better than baseline ",IF(AND(BLA3<=10%,BLA3>=0%),"2. Within 10% deviation from baseline",IF(AND(BLA3>=10%),"3. Missing baseline")))) -> 3. Missing baseline | DRS3: =IF(ISBLANK(BYO3),"4.Blocker/Not Executed",IF(AND(BYO3<=0%),"1. Better than baseline ",IF(AND(BYO3<=10%,BYO3>=0%),"2. Within 10% deviation from baseline",IF(AND(BYO3>=10%),"3. Missing baseline")))) -> 3. Missing baseline | DRT3: =IF(ISBLANK(CIN3),"4.Blocker/Not Executed",IF(AND(CIN3<=0%),"1. Better than baseline ",IF(AND(CIN3<=10%,CIN3>=0%),"2. Within 10% deviation from baseline",IF(AND(CIN3>=10%),"3. Missing baseline")))) -> 1. Better than baseline | DRU3: =IF(ISBLANK(CQD3),"4.Blocker/Not Executed",IF(AND(CQD3<=0%),"1. Better than baseline ",IF(AND(CQD3<=10%,CQD3>=0%),"2. Within 10% deviation from baseline",IF(AND(CQD3>=10%),"3. Missing baseline")))) -> 1. Better than baseline | DRV3: =IF(ISBLANK(DCQ3),"4.Blocker/Not Executed",IF(AND(DCQ3<=0%),"1. Better than baseline ",IF(AND(DCQ3<=10%,DCQ3>=0%),"2. Within 10% deviation from baseline",IF(AND(DCQ3>=10%),"3. Missing baseline")))) -> 1. Better than baseline | DRW3: =IF(ISBLANK(DIH3),"4.Blocker/Not Executed",IF(AND(DIH3<=0%),"1. Better than baseline ",IF(AND(DIH3<=10%,DIH3>=0%),"2. Within 10% deviation from baseline",IF(AND(DIH3>=10%),"3. Missing baseline")))) -> 1. Better than baseline | DRX3: =IF(ISBLANK(DNO3),"4.Blocker/Not Executed",IF(AND(DNO3<=0%),"1. Better than baseline ",IF(AND(DNO3<=10%,DNO3>=0%),"2. Within 10% deviation from baseline",IF(AND(DNO3>=10%),"3. Missing baseline")))) -> 1. Better than baseline
